gene,rna_lfc,rna_p,prot_lfc,prot_p,gwas_p,concordant,gwas_p_floored,transcriptomic,proteomic,genomic,score
APOE,1.17,0.125,0.146638078,2.56e-06,0.0,True,2e-308,1.17,0.146638078,307.69897000433605,103.005202694112
APOC1,-1.04,0.12,-0.093455501,0.155876277,2e-308,True,2e-308,1.04,0.093455501,307.69897000433605,102.944141835112
TOMM40,0.0627,0.903,-0.049315371,0.000771502,1e-295,False,1e-295,0.0627,0.049315371,295.0,98.37067179033333
BCAM,-1.56,0.0223,-0.029489212,0.116369834,6.9999999999999995e-192,True,6.9999999999999995e-192,1.56,0.029489212,191.15490195998575,64.24813039066191
ALDH1A2,-0.2,0.838,-0.111728905,4.45e-06,3.9999999999999997e-84,True,3.9999999999999997e-84,0.2,0.111728905,83.39794000867204,27.90322297122401
CLPTM1,-0.145,0.849,-0.04292671,9.1e-06,4e-64,True,4e-64,0.145,0.04292671,63.39794000867204,21.19528890622401
CLU,-0.918,0.0292,0.139483174,2.84e-10,1e-47,False,1e-47,0.918,0.139483174,47.0,16.019161057999998
FARP2,-1.82,0.0036,0.035717693,0.016924012,1.9999999999999998e-42,False,1.9999999999999998e-42,1.82,0.035717693,41.69897000433602,14.51822923244534
SAMHD1,-3.65,0.000137,0.054332233,0.004120522,2e-36,False,2e-36,3.65,0.054332233,35.69897000433602,13.134434079112005
ABCA7,-0.131,0.857,-0.036024362,0.310883263,8.000000000000001e-39,True,8.000000000000001e-39,0.131,0.036024362,38.096910013008056,12.754644791669351
SMARCA4,1.42,0.00095,-0.000923213,0.889291058,2e-35,False,2e-35,1.42,0.000923213,34.69897000433602,12.039964405778672
SAR1B,-2.92,0.00064,0.003606377,1.0,1e-33,False,1e-33,2.92,0.003606377,33.0,11.974535459
SPEN,-2.41,0.000193,0.029053365,0.144651536,1.9999999999999998e-30,False,1.9999999999999998e-30,2.41,0.029053365,29.69897000433602,10.712674456445338
SHANK2,0.828,0.0169,-0.075050149,2.09e-10,9.999999999999999e-31,False,9.999999999999999e-31,0.828,0.075050149,30.0,10.301016716333333
NUP85,0.799,0.0325,0.014153361,0.702445849,1.9999999999999998e-25,True,1.9999999999999998e-25,0.799,0.014153361,24.69897000433602,8.504041121778672
MIB1,-2.14,4.43e-06,-0.001734953,1.0,9e-24,True,9e-24,2.14,0.001734953,23.045757490560675,8.395830814520224
MB21D2,0.541,0.198,0.021703876,0.269953969,3.9999999999999997e-25,True,3.9999999999999997e-25,0.541,0.021703876,24.397940008672037,8.320214628224013
PTK2B,0.842,0.276,-0.059512764,9.08e-07,1.0000000000000001e-24,False,1.0000000000000001e-24,0.842,0.059512764,24.0,8.300504254666667
OPA3,-0.2,0.717,-0.090200375,1.12e-06,3e-25,True,3e-25,0.2,0.090200375,24.522878745280337,8.271026373426778
UBE4B,1.48,0.0959,-0.030525651,0.00054442,8.000000000000001e-24,False,8.000000000000001e-24,1.48,0.030525651,23.096910013008056,8.202478554669351
NRXN3,2.57,0.00413,-0.023934258,0.079104288,1e-22,False,1e-22,2.57,0.023934258,22.0,8.197978085999999
SLC24A4,-0.27,0.842,0.021930021,0.503291924,6e-25,False,6e-25,0.27,0.021930021,24.221848749616356,8.171259590205452
UNK,-1.39,0.0695,-0.018637637,0.157305554,4.0000000000000004e-23,True,4.0000000000000004e-23,1.39,0.018637637,22.397940008672037,7.935525881890679
INPP5B,-0.958,0.0936,-0.00538188,1.0,2.0000000000000002e-23,True,2.0000000000000002e-23,0.958,0.00538188,22.69897000433602,7.887450628112006
PDZD2,-2.29,0.0149,-0.049011688,0.000113641,1e-21,True,1e-21,2.29,0.049011688,21.0,7.7796705626666665
SORL1,1.33,0.00743,0.002041456,1.0,1e-22,True,1e-22,1.33,0.002041456,22.0,7.777347152
SCAPER,-0.895,0.159,0.006245489,1.0,5e-23,False,5e-23,0.895,0.006245489,22.30102999566398,7.734091828221327
UBE2K,-1.18,0.00375,0.000629074,1.0,4e-22,False,4e-22,1.18,0.000629074,21.397940008672037,7.526189694224012
RHOA,0.866,0.0312,-0.056496599,0.000143116,5e-22,False,5e-22,0.866,0.056496599,21.30102999566398,7.407842198221326
CD2AP,0.654,0.554,0.02973113,0.036422539,8e-22,True,8e-22,0.654,0.02973113,21.096910013008056,7.260213714336018
RBM5,-2.79,0.000974,0.025180121,0.556795227,2e-19,False,2e-19,2.79,0.025180121,18.69897000433602,7.171383375112006
DAG1,0.797,0.0327,0.039823658,4.06e-06,3e-21,True,3e-21,0.797,0.039823658,20.522878745280337,7.119900801093445
ADAM10,-0.738,0.516,0.078564527,0.001870026,3e-21,False,3e-21,0.738,0.078564527,20.522878745280337,7.113147757426779
INPP5D,-2.14,0.0111,0.002784352,1.0,2e-19,False,2e-19,2.14,0.002784352,18.69897000433602,6.947251452112006
BSN,0.914,0.0466,-0.066918403,2.7e-09,2e-20,False,2e-20,0.914,0.066918403,19.69897000433602,6.893296135778673
ARFGAP2,0.527,0.192,-0.05547691,6.48e-08,9e-21,False,9e-21,0.527,0.05547691,20.045757490560675,6.876078133520225
PPIG,-1.11,0.000999,-0.015861544,0.95503907,5e-20,True,5e-20,1.11,0.015861544,19.30102999566398,6.8089638465546605
APOB,-0.873,0.409,0.121489251,0.027429782,1e-19,False,1e-19,0.873,0.121489251,19.0,6.664829750333333
TSPAN14,-1.0,0.293,0.030121989,0.123526358,2e-19,False,2e-19,1.0,0.030121989,18.69897000433602,6.576363997778673
ERCC1,1.55,0.0552,0.02503509,0.656829465,1e-18,True,1e-18,1.55,0.02503509,18.0,6.525011696666667
ZMAT4,0.633,0.56,0.01824799,0.739058877,2e-19,True,2e-19,0.633,0.01824799,18.69897000433602,6.450072664778673
VAC14,0.828,0.4,-0.070242749,1.37e-19,5e-19,False,5e-19,0.828,0.070242749,18.30102999566398,6.39975758155466
EIF2B3,1.49,0.0208,0.029941026,4.94e-05,5e-18,True,5e-18,1.49,0.029941026,17.30102999566398,6.273657007221327
MACF1,1.53,0.0455,0.044093629,0.004302025,8e-18,True,8e-18,1.53,0.044093629,17.096910013008056,6.223667880669352
CUL2,0.867,0.0334,-0.023961691,0.002271021,2e-18,False,2e-18,0.867,0.023961691,17.69897000433602,6.196643898445339
PICALM,0.674,0.118,-0.032795024,1.11e-05,2e-18,False,2e-18,0.674,0.032795024,17.69897000433602,6.1352550094453395
ARHGEF10L,-2.17,0.0158,0.012215862,0.7612623,7e-17,False,7e-17,2.17,0.012215862,16.154901959985743,6.112372607328581
PECAM1,-1.53,0.171,0.024817453,0.229245385,3e-17,False,3e-17,1.53,0.024817453,16.522878745280337,6.025898732760112
SLC3A2,1.35,0.0292,-0.035976589,0.001081809,3e-17,False,3e-17,1.35,0.035976589,16.522878745280337,5.969618444760112
ABI3,-0.726,0.204,0.007638676,0.696021358,8e-18,False,8e-18,0.726,0.007638676,17.096910013008056,5.943516229669352
PIK3CD,-0.267,0.684,0.060005659,0.000737423,7e-18,False,7e-18,0.267,0.060005659,17.154901959985743,5.827302539661914
EPB41L1,-1.36,0.00441,0.013478157,0.808917343,8e-17,False,8e-17,1.36,0.013478157,16.096910013008056,5.823462723336018
ADCK1,-0.252,0.531,-0.027664756,0.339646305,8e-18,True,8e-18,0.252,0.027664756,17.096910013008056,5.792191589669352
DOCK3,0.95,0.0649,-0.050551977,3.98e-08,6e-17,False,6e-17,0.95,0.050551977,16.221848749616356,5.740800242205451
MADD,1.64,0.000943,-0.038542735,0.000759925,3e-16,False,3e-16,1.64,0.038542735,15.522878745280337,5.733807160093446
PLCG2,-0.945,0.26,-0.032980821,0.313444353,7e-17,True,7e-17,0.945,0.032980821,16.154901959985743,5.710960926995248
PLD2,0.0749,0.915,0.007038542,1.0,1e-17,True,1e-17,0.0749,0.007038542,17.0,5.693979514
TJP1,-0.326,0.403,0.013690928,0.302274589,2e-17,False,2e-17,0.326,0.013690928,16.69897000433602,5.679553644112007
CRK,0.682,0.0973,0.037662605,2.3e-07,5e-17,True,5e-17,0.682,0.037662605,16.30102999566398,5.673564200221327
NUMA1,-2.94,0.00474,0.035862094,0.004392056,1e-14,False,1e-14,2.94,0.035862094,14.0,5.658620697999999
CTCF,0.0958,0.802,0.016220752,1.0,2e-17,True,2e-17,0.0958,0.016220752,16.69897000433602,5.603663585445339
DIRAS2,-0.77,0.0428,-0.039105772,0.004863492,2e-16,True,2e-16,0.77,0.039105772,15.698970004336019,5.502691925445339
MAPT,-1.14,0.00237,0.180394042,0.000136722,9e-16,False,9e-16,1.14,0.180394042,15.045757490560675,5.4553838441868905
NEGR1,-1.3,0.176,-0.038587032,0.011924272,1e-15,True,1e-15,1.3,0.038587032,15.0,5.446195677333334
PITPNM2,0.962,0.307,-0.015266056,0.179189513,7e-16,False,7e-16,0.962,0.015266056,15.154901959985743,5.377389338661914
CLIC4,0.228,0.731,0.069277425,0.054654288,2e-16,True,2e-16,0.228,0.069277425,15.698970004336019,5.332082476445339
SYT11,-1.32,0.0806,0.061459076,3.11e-10,3e-15,False,3e-15,1.32,0.061459076,14.522878745280337,5.301445940426778
WDR7,1.31,0.005,-0.039343283,1.05e-07,3e-15,False,3e-15,1.31,0.039343283,14.522878745280337,5.290740676093445
CABP1,1.13,0.118,-0.034069266,0.017050452,2e-15,False,2e-15,1.13,0.034069266,14.698970004336019,5.287679756778672
CKM,-0.453,0.604,0.010667311,0.76040701,4e-16,False,4e-16,0.453,0.010667311,15.397940008672037,5.287202439890679
ACE,-1.05,0.264,0.028628897,0.556028677,2e-15,False,2e-15,1.05,0.028628897,14.698970004336019,5.259199633778673
ADK,0.524,0.612,0.027295516,0.01606178,7e-16,True,7e-16,0.524,0.027295516,15.154901959985743,5.235399158661914
FERMT2,0.568,0.246,-0.029575811,0.032191545,8e-16,False,8e-16,0.568,0.029575811,15.096910013008056,5.231495274669352
EEA1,-1.76,0.111,-0.038305403,3.85e-08,2e-14,True,2e-14,1.76,0.038305403,13.698970004336019,5.165758469112006
APP,-0.995,0.00692,0.736060905,3.86e-38,2e-14,False,2e-14,0.995,0.736060905,13.698970004336019,5.14334363644534
TNKS1BP1,-1.86,0.00225,-0.006321855,1.0,3e-14,True,3e-14,1.86,0.006321855,13.522878745280337,5.129733533426779
HOOK3,-0.568,0.442,-0.027804947,3.29e-05,2e-15,True,2e-15,0.568,0.027804947,14.698970004336019,5.0982583171120055
FBP1,0.403,0.689,0.077008736,0.006534614,2e-15,True,2e-15,0.403,0.077008736,14.698970004336019,5.059659580112006
DDAH1,1.39,0.034,0.009544289,0.478564784,2e-14,True,2e-14,1.39,0.009544289,13.698970004336019,5.032838097778673
MAVS,-0.787,0.209,0.008675799,0.6682618,5e-15,False,5e-15,0.787,0.008675799,14.301029995663981,5.032235264887993
ICA1L,0.581,0.113,-0.032219357,0.010204133,7e-15,False,7e-15,0.581,0.032219357,14.154901959985743,4.922707105661914
NUP160,-1.2,0.0464,0.018271875,0.189389448,3e-14,False,3e-14,1.2,0.018271875,13.522878745280337,4.913716873426779
PTPRN2,0.579,0.149,0.027809027,0.052462517,8e-15,True,8e-15,0.579,0.027809027,14.096910013008056,4.901239680002686
NCK2,-0.13,0.73,-0.01594189,0.064974732,3e-15,True,3e-15,0.13,0.01594189,14.522878745280337,4.889606878426778
SIL1,1.01,0.141,-0.080634513,0.004284254,3e-14,False,3e-14,1.01,0.080634513,13.522878745280337,4.871171086093446
OSBP2,-2.42,0.0029,-0.015005279,0.150258172,7e-13,True,7e-13,2.42,0.015005279,12.154901959985743,4.863302412995247
VWA8,0.326,0.435,-0.000801893,1.0,6e-15,False,6e-15,0.326,0.000801893,14.221848749616356,4.849550214205452
PTPRS,0.98,0.127,-0.019515206,0.002902511,4e-14,False,4e-14,0.98,0.019515206,13.397940008672037,4.799151738224012
MGMT,0.513,0.199,0.040522423,0.565795173,2e-14,True,2e-14,0.513,0.040522423,13.698970004336019,4.750830809112006
OARD1,-0.489,0.55,-0.027928081,0.275626786,2e-14,True,2e-14,0.489,0.027928081,13.698970004336019,4.738632695112006
GOLPH3L,0.123,0.893,0.039971368,0.006929656,1e-14,True,1e-14,0.123,0.039971368,14.0,4.720990455999999
TRPM4,-0.356,0.81,0.057979306,0.166038696,2e-14,False,2e-14,0.356,0.057979306,13.698970004336019,4.704316436778673
KCNJ3,-1.88,0.0147,0.006127433,1.0,7e-13,False,7e-13,1.88,0.006127433,12.154901959985743,4.680343130995247
COQ6,0.309,0.452,-0.016085001,0.914347058,2e-14,False,2e-14,0.309,0.016085001,13.698970004336019,4.6746850017786725
SHARPIN,-0.304,0.546,0.000859742,0.962083304,2e-14,False,2e-14,0.304,0.000859742,13.698970004336019,4.6679432487786725
RAB6A,-1.95,0.0329,0.027564692,0.018373363,1e-12,False,1e-12,1.95,0.027564692,12.0,4.6591882306666665
TMEM106B,-0.867,0.00945,0.076248062,0.336783903,1e-13,False,1e-13,0.867,0.076248062,13.0,4.647749354
PCBD2,-1.2,0.183,0.031070982,0.532564785,2e-13,False,2e-13,1.2,0.031070982,12.698970004336019,4.643346995445339
TMEM245,0.362,0.275,0.070827935,4.54e-07,4e-14,True,4e-14,0.362,0.070827935,13.397940008672037,4.610255981224012
TENM3,-2.03,0.0134,-0.002905569,1.0,2e-12,True,2e-12,2.03,0.002905569,11.698970004336019,4.577291857778673
EPHB4,-0.674,0.467,-0.010341043,1.0,9e-14,True,9e-14,0.674,0.010341043,13.045757490560675,4.5766995111868916
SLC6A1,0.605,0.244,0.026639983,0.072340531,9e-14,True,9e-14,0.605,0.026639983,13.045757490560675,4.559132491186892
KLC1,1.94,0.000509,-0.036468814,3.35e-05,2e-12,False,2e-12,1.94,0.036468814,11.698970004336019,4.558479606112006
GAK,-0.642,0.0528,0.007195456,0.660340299,1e-13,False,1e-13,0.642,0.007195456,13.0,4.549731818666666
PSME4,-1.91,0.00299,-0.035096363,0.41508761,2e-12,True,2e-12,1.91,0.035096363,11.698970004336019,4.548022122445339
HCN1,-1.02,0.00864,-0.058670369,2.87e-07,4e-13,True,4e-13,1.02,0.058670369,12.397940008672037,4.4922034592240125
LGMN,0.00553,0.989,0.013407322,1.0,4e-14,True,4e-14,0.00553,0.013407322,13.397940008672037,4.472292443557346
ACBD5,-2.37,0.000257,0.002301327,0.841380631,1e-11,False,1e-11,2.37,0.002301327,11.0,4.457433775666667
AKAP10,-1.3,0.0395,0.013421962,0.132483206,1e-12,False,1e-12,1.3,0.013421962,12.0,4.437807320666667
GABBR1,1.54,0.000162,-0.042624161,5.26e-05,2e-12,False,2e-12,1.54,0.042624161,11.698970004336019,4.427198055112006
SLC43A2,0.469,0.633,-0.074132808,1.49e-06,2e-13,False,2e-13,0.469,0.074132808,12.698970004336019,4.414034270778672
TCF20,-0.406,0.503,-0.014013338,0.813053073,2e-13,True,2e-13,0.406,0.014013338,12.698970004336019,4.372994447445339
NFAT5,-2.43,1.98e-06,0.028636747,0.028210735,3e-11,False,3e-11,2.43,0.028636747,10.522878745280337,4.327171830760112
SYMPK,-1.5,0.00744,0.011583318,0.701425871,4e-12,False,4e-12,1.5,0.011583318,11.397940008672037,4.303174442224012
CELF5,-1.59,0.00122,0.010117037,0.74792474,5e-12,False,5e-12,1.59,0.010117037,11.301029995663981,4.300382344221327
NCOR2,-2.1,0.0111,-0.009468678,1.0,2e-11,True,2e-11,2.1,0.009468678,10.698970004336019,4.269479560778673
NRXN2,-1.58,0.000252,0.039440813,2.3e-05,7e-12,False,7e-12,1.58,0.039440813,11.154901959985743,4.258114257661914
DOC2A,0.189,0.719,-0.011716194,0.978812417,3e-13,False,3e-13,0.189,0.011716194,12.522878745280337,4.241198313093446
ADARB1,1.64,0.00145,0.027795126,0.094619218,1e-11,True,1e-11,1.64,0.027795126,11.0,4.222598375333333
TBL1XR1,-2.63,1.13e-07,-0.010055992,1.0,1e-10,True,1e-10,2.63,0.010055992,10.0,4.213351997333333
ROBO1,0.1,0.855,0.004371668,1.0,3e-13,True,3e-13,0.1,0.004371668,12.522878745280337,4.209083471093446
ITGAX,-0.667,0.499,0.138141648,3.21e-09,2e-12,False,2e-12,0.667,0.138141648,11.698970004336019,4.168037217445339
GNG7,0.447,0.442,-0.032645899,0.048708448,1e-12,False,1e-12,0.447,0.032645899,12.0,4.159881966333334
NFIA,-1.0,0.0153,0.049326016,0.273655321,4e-12,False,4e-12,1.0,0.049326016,11.397940008672037,4.149088674890679
SUCLG2,0.838,0.359,0.019775698,0.349351548,3e-12,True,3e-12,0.838,0.019775698,11.522878745280337,4.126884814426779
ELAVL3,-2.9,2.92e-07,0.010057744,0.615338207,4e-10,False,4e-10,2.9,0.010057744,9.397940008672037,4.102665917557346
UMAD1,0.237,0.613,-0.015897351,0.972868214,1e-12,False,1e-12,0.237,0.015897351,12.0,4.084299117
NOVA2,-2.21,5.79e-06,0.004690393,1.0,1e-10,False,1e-10,2.21,0.004690393,10.0,4.071563464333333
TTC28,-1.48,0.00217,0.026525918,0.623001684,2e-11,False,2e-11,1.48,0.026525918,10.698970004336019,4.068498640778673
RNF123,-0.194,0.684,-0.006219372,1.0,1e-12,True,1e-12,0.194,0.006219372,12.0,4.0667397906666665
PTPRC,-1.43,0.188,0.047916783,0.038238059,2e-11,False,2e-11,1.43,0.047916783,10.698970004336019,4.058962262445339
TMED10,-1.63,0.00878,-0.022313096,0.01871394,3e-11,True,3e-11,1.63,0.022313096,10.522878745280337,4.058397280426779
CKAP5,1.58,0.0128,-0.006142656,0.493188489,3e-11,False,3e-11,1.58,0.006142656,10.522878745280337,4.036340467093446
PPP6R2,-1.56,0.00736,-0.025760419,2.54e-05,3e-11,True,3e-11,1.56,0.025760419,10.522878745280337,4.036213054760112
RIMS1,0.796,0.152,-0.039818181,1.53e-05,6e-12,False,6e-12,0.796,0.039818181,11.221848749616356,4.019222310205452
CSE1L,1.61,0.00487,-0.015510103,0.237935493,4e-11,False,4e-11,1.61,0.015510103,10.397940008672037,4.007816703890679
BCAS3,0.956,0.127,-0.055104999,1.91e-08,1e-11,False,1e-11,0.956,0.055104999,11.0,4.003701666333333
RERE,-1.44,0.149,-0.045816037,0.333544925,3e-11,True,3e-11,1.44,0.045816037,10.522878745280337,4.002898260760112
NDUFAF2,-0.777,0.0531,0.003049342,1.0,6e-12,False,6e-12,0.777,0.003049342,11.221848749616356,4.000632697205452
PLCL1,0.948,0.031,-0.009094149,0.976622619,1e-11,False,1e-11,0.948,0.009094149,11.0,3.9856980496666665
RPL6,1.41,0.0104,0.012718041,0.276615652,3e-11,True,3e-11,1.41,0.012718041,10.522878745280337,3.981865595426779
PFDN1,0.886,0.213,-0.001457748,1.0,1e-11,False,1e-11,0.886,0.001457748,11.0,3.962485916
FRMD5,-0.467,0.641,-0.014195464,0.437438757,4e-12,True,4e-12,0.467,0.014195464,11.397940008672037,3.959711824224012
SPIRE2,-2.41,0.0157,0.021753593,1.0,4e-10,False,4e-10,2.41,0.021753593,9.397940008672037,3.9432312005573458
PCNT,-1.26,0.152,0.022261099,0.114535879,3e-11,False,3e-11,1.26,0.022261099,10.522878745280337,3.935046614760112
PTPN9,-2.25,0.00365,-0.029137786,0.028355699,3e-10,True,3e-10,2.25,0.029137786,9.522878745280337,3.934005510426779
SNX1,1.64,0.0201,0.012505866,0.09218078,8e-11,True,8e-11,1.64,0.012505866,10.096910013008056,3.916471959669352
TACC2,-0.601,0.0906,-0.031347598,0.001478421,1e-11,True,1e-11,0.601,0.031347598,11.0,3.8774491993333333
SLC25A29,-2.05,0.0109,0.047724401,0.018183221,3e-10,False,3e-10,2.05,0.047724401,9.522878745280337,3.8735343820934456
BCKDK,0.859,0.0981,-0.053507943,9.1e-05,2e-11,False,2e-11,0.859,0.053507943,10.698970004336019,3.8704926491120064
PAK4,-1.2,0.0428,-0.015693182,0.381171812,5e-11,True,5e-11,1.2,0.015693182,10.301029995663981,3.8389077258879936
PLEC,-0.854,0.0429,0.101544963,1.04e-13,3e-11,False,3e-11,0.854,0.101544963,10.522878745280337,3.8261412360934455
TBXAS1,0.316,0.83,0.042786516,0.230821425,8e-12,True,8e-12,0.316,0.042786516,11.096910013008056,3.818565509669352
ANKH,0.903,0.0239,-0.024329203,0.128005992,3e-11,False,3e-11,0.903,0.024329203,10.522878745280337,3.816735982760112
SLC2A3,1.21,0.103,-0.111805481,4.02e-08,8e-11,False,8e-11,1.21,0.111805481,10.096910013008056,3.8062384980026853
AVL9,0.611,0.176,-0.054559421,1.75e-05,2e-11,False,2e-11,0.611,0.054559421,10.698970004336019,3.788176475112006
ASCC1,2.09,0.00793,0.001120639,1.0,6e-10,True,6e-10,2.09,0.001120639,9.221848749616356,3.7709897962054515
KALRN,0.815,0.0356,-0.067645954,7.19e-14,4e-11,False,4e-11,0.815,0.067645954,10.397940008672037,3.760195320890679
PHF3,-1.18,0.00207,0.071652393,0.003730431,1e-10,False,1e-10,1.18,0.071652393,10.0,3.7505507976666665
SYNJ1,-2.69,0.000997,-0.027483656,0.000843436,3e-09,True,3e-09,2.69,0.027483656,8.522878745280337,3.7467874670934456
RAP1GAP2,-0.219,0.64,-0.006011232,1.0,1e-11,True,1e-11,0.219,0.006011232,11.0,3.7416704106666665
DAB1,-2.89,0.00297,-0.008581478,0.682547175,5e-09,True,5e-09,2.89,0.008581478,8.301029995663981,3.73320382455466
SEMA6D,1.72,0.00102,0.00416929,1.0,4e-10,True,4e-10,1.72,0.00416929,9.397940008672037,3.707369766224012
TMEM41B,0.68,0.114,0.002791585,1.0,4e-11,True,4e-11,0.68,0.002791585,10.397940008672037,3.693577197890679
MARK4,-0.633,0.0921,-0.016532075,0.07786829,4e-11,True,4e-11,0.633,0.016532075,10.397940008672037,3.6824906945573455
CTSB,1.32,0.00663,0.017023353,0.318801375,2e-10,True,2e-10,1.32,0.017023353,9.698970004336019,3.6786644524453394
USP6NL,-0.498,0.651,0.005253413,1.0,3e-11,False,3e-11,0.498,0.005253413,10.522878745280337,3.6753773860934453
MAPKAP1,0.989,0.0331,0.02424398,0.397993349,1e-10,True,1e-10,0.989,0.02424398,10.0,3.671081326666666
CUL3,1.54,0.001,-0.0331037,2.63e-07,4e-10,False,4e-10,1.54,0.0331037,9.397940008672037,3.657014569557346
SPON1,-0.672,0.292,0.131487067,1.34e-15,7e-11,False,7e-11,0.672,0.131487067,10.154901959985743,3.652796342328581
ROBO2,-0.896,0.0151,-0.044269199,0.000421968,1e-10,True,1e-10,0.896,0.044269199,10.0,3.6467563996666663
KHDRBS2,-1.53,0.0897,0.008530909,1.0,4e-10,False,4e-10,1.53,0.008530909,9.397940008672037,3.645490305890679
RBCK1,-0.396,0.521,-0.007859956,1.0,3e-11,True,3e-11,0.396,0.007859956,10.522878745280337,3.6422462337601123
INPP5A,-0.469,0.663,-0.057785366,1.24e-07,4e-11,True,4e-11,0.469,0.057785366,10.397940008672037,3.6415751248906787
GRIP1,-1.38,0.00233,0.01518005,0.217015388,3e-10,False,3e-10,1.38,0.01518005,9.522878745280337,3.6393529317601123
BIN1,1.49,0.00294,-0.026647282,0.046223066,4e-10,False,4e-10,1.49,0.026647282,9.397940008672037,3.638195763557346
UBE2V2,1.17,0.00113,-0.020319576,0.002889764,2e-10,False,2e-10,1.17,0.020319576,9.698970004336019,3.6297631934453394
SLC30A3,0.105,0.921,-0.082498203,1.12e-05,2e-11,False,2e-11,0.105,0.082498203,10.698970004336019,3.628822735778673
RBFOX1,1.44,0.00136,-0.035089869,0.450094991,4e-10,False,4e-10,1.44,0.035089869,9.397940008672037,3.624343292557346
DTNB,0.672,0.408,0.031988611,0.055970294,7e-11,True,7e-11,0.672,0.031988611,10.154901959985743,3.6196301903285812
CAPZA2,1.42,0.00383,-0.016488356,0.011560986,4e-10,False,4e-10,1.42,0.016488356,9.397940008672037,3.6114761215573457
HIP1R,1.04,0.175,0.018586802,0.124944828,2e-10,True,2e-10,1.04,0.018586802,9.698970004336019,3.5858522687786727
GMPR,0.56,0.429,0.086712557,1.01e-05,8e-11,True,8e-11,0.56,0.086712557,10.096910013008056,3.5812075233360185
EGFR,-2.74,0.00202,0.000620716,1.0,1e-08,False,1e-08,2.74,0.000620716,8.0,3.580206905333333
DAZAP1,-1.18,0.00928,0.005999061,1.0,3e-10,False,3e-10,1.18,0.005999061,9.522878745280337,3.569625935426779
SRC,-1.27,0.0669,-0.001894999,0.985102683,4e-10,True,4e-10,1.27,0.001894999,9.397940008672037,3.5566116692240124
LUC7L,1.61,0.00481,0.057772105,1.01e-05,1e-09,True,1e-09,1.61,0.057772105,9.0,3.555924035
MROH1,-1.41,0.202,-0.029833671,0.023535357,6e-10,True,6e-10,1.41,0.029833671,9.221848749616356,3.553894140205452
CCNY,-1.57,0.000283,-0.032681535,0.075656765,9e-10,True,9e-10,1.57,0.032681535,9.045757490560675,3.5494796751868916
NRIP3,1.08,0.233,-0.045357268,0.104374758,3e-10,False,3e-10,1.08,0.045357268,9.522878745280337,3.549412004426779
FAM20B,1.2,0.00478,0.002881017,1.0,4e-10,True,4e-10,1.2,0.002881017,9.397940008672037,3.533607008557346
PRKD3,-1.55,0.156,-0.050183238,0.001882313,1e-09,True,1e-09,1.55,0.050183238,9.0,3.5333944126666665
EPHX2,0.547,0.633,0.044418814,0.463262924,1e-10,True,1e-10,0.547,0.044418814,10.0,3.530472938
EPB42,-1.81,0.0181,0.078369142,0.014818154,2e-09,False,2e-09,1.81,0.078369142,8.698970004336019,3.5291130487786724
CACNB2,-2.35,0.00942,0.005765065,1.0,6e-09,False,6e-09,2.35,0.005765065,8.221848749616356,3.525871271538785
RPH3A,0.345,0.617,-0.150289535,1.15e-16,9e-11,False,9e-11,0.345,0.150289535,10.045757490560675,3.513682341853558
PEX14,-0.516,0.145,-0.018244288,0.163058987,1e-10,True,1e-10,0.516,0.018244288,10.0,3.5114147626666665
SNX6,0.823,0.302,0.011856419,0.261576668,2e-10,True,2e-10,0.823,0.011856419,9.698970004336019,3.5112754744453394
OTULIN,0.279,0.822,0.026395598,0.423615933,6e-11,True,6e-11,0.279,0.026395598,10.221848749616356,3.509081449205452
ZNF318,0.775,0.0349,0.039346016,0.338364352,2e-10,True,2e-10,0.775,0.039346016,9.698970004336019,3.5044386734453394
CNN2,-1.04,0.0671,0.070328054,0.002883805,4e-10,False,4e-10,1.04,0.070328054,9.397940008672037,3.502756020890679
BCCIP,1.74,0.000105,0.016397343,0.666613635,2e-09,True,2e-09,1.74,0.016397343,8.698970004336019,3.485122449112006
MSRB2,-1.42,0.00311,0.032147258,0.004475178,1e-09,False,1e-09,1.42,0.032147258,9.0,3.4840490859999997
BZW2,0.195,0.626,-0.035070711,0.000386071,6e-11,False,6e-11,0.195,0.035070711,10.221848749616356,3.483973153538785
ITGB5,-0.704,0.165,0.036303765,0.071186803,2e-10,False,2e-10,0.704,0.036303765,9.698970004336019,3.479757923112006
ARHGEF2,-0.961,0.145,-0.06442564,1.24e-11,4e-10,True,4e-10,0.961,0.06442564,9.397940008672037,3.4744552162240123
CNTNAP2,-1.67,0.00366,-0.001220769,0.886964356,2e-09,True,2e-09,1.67,0.001220769,8.698970004336019,3.4567302577786725
SUGT1,-0.302,0.488,0.006173446,0.512808415,9e-11,False,9e-11,0.302,0.006173446,10.045757490560675,3.4513103121868918
KIF1B,1.31,0.00369,-0.031813601,1.13e-05,1e-09,False,1e-09,1.31,0.031813601,9.0,3.4472712003333332
ICA1,2.14,0.0024,-0.032145798,0.000106815,7e-09,False,7e-09,2.14,0.032145798,8.154901959985743,3.442349252661914
GAB2,-0.28,0.563,-0.032707723,0.003839976,1e-10,True,1e-10,0.28,0.032707723,10.0,3.437569241
SERPINF2,0.000292,1.0,0.072730762,0.474034219,6e-11,True,6e-11,0.000292,0.072730762,10.221848749616356,3.4316238372054517
SPATS2,-1.16,0.00255,-0.022562323,1.0,8e-10,True,8e-10,1.16,0.022562323,9.096910013008056,3.4264907786693515
DGKQ,0.687,0.489,-0.030358375,0.092251747,3e-10,False,3e-10,0.687,0.030358375,9.522878745280337,3.413412373426779
PTPRF,1.16,0.00466,-0.063057534,7.09e-09,1e-09,False,1e-09,1.16,0.063057534,9.0,3.4076858446666667
SLC2A13,-1.49,0.00768,0.017782758,0.762993778,2e-09,False,2e-09,1.49,0.017782758,8.698970004336019,3.4022509207786724
MSH6,1.46,0.0636,0.04501671,0.129647506,2e-09,True,2e-09,1.46,0.04501671,8.698970004336019,3.401328904778673
LRBA,0.779,0.0724,0.011334054,0.23692956,4e-10,True,4e-10,0.779,0.011334054,9.397940008672037,3.3960913542240125
PSD,-0.735,0.256,-0.051059685,0.000274662,4e-10,True,4e-10,0.735,0.051059685,9.397940008672037,3.3946665645573457
NDUFAB1,1.37,0.00579,-0.091772174,1.9e-07,2e-09,False,2e-09,1.37,0.091772174,8.698970004336019,3.3869140594453393
MTHFD1L,-0.433,0.721,-0.004247985,0.772866125,2e-10,True,2e-10,0.433,0.004247985,9.698970004336019,3.3787393297786728
MAST2,-0.762,0.183,-0.019733,1.0,5e-10,True,5e-10,0.762,0.019733,9.301029995663981,3.3609209985546604
CTNNA1,-1.52,0.117,-0.03604562,0.039204797,3e-09,True,3e-09,1.52,0.03604562,8.522878745280337,3.3596414550934455
STAG1,-1.99,0.0179,0.048073897,0.000531477,1e-08,False,1e-08,1.99,0.048073897,8.0,3.346024632333333
MPDZ,-1.6,0.03,0.035466108,5.76e-05,4e-09,False,4e-09,1.6,0.035466108,8.397940008672037,3.344468705557346
DOCK4,-0.418,0.237,-0.061610241,1e-07,3e-10,True,3e-10,0.418,0.061610241,9.522878745280337,3.3341629954267793
ADAM17,0.635,0.0811,0.047666875,0.006735293,5e-10,True,5e-10,0.635,0.047666875,9.301029995663981,3.3278989568879935
SORT1,0.967,0.00798,0.013948091,0.838801969,1e-09,True,1e-09,0.967,0.013948091,9.0,3.326982697
WWOX,-1.96,0.0149,0.014889535,0.894505519,1e-08,False,1e-08,1.96,0.014889535,8.0,3.3249631783333333
SCARB1,-1.54,0.0368,-0.034005262,0.176504533,4e-09,True,4e-09,1.54,0.034005262,8.397940008672037,3.323981756890679
ECHDC2,-0.963,0.145,-0.002621406,1.0,1e-09,True,1e-09,0.963,0.002621406,9.0,3.321873802
IPO9,-0.422,0.173,0.019225271,0.03837342,3e-10,False,3e-10,0.422,0.019225271,9.522878745280337,3.321368005426779
PRICKLE1,-0.807,0.0877,-0.018607669,0.27880602,8e-10,True,8e-10,0.807,0.018607669,9.096910013008056,3.307505894002685
UBAP2,-1.19,0.00221,0.015621487,1.0,2e-09,False,2e-09,1.19,0.015621487,8.698970004336019,3.301530497112006
USP32,-0.325,0.651,-0.026700509,0.002192056,3e-10,True,3e-10,0.325,0.026700509,9.522878745280337,3.291526418093446
ADH5,1.11,0.028,0.06078539,0.000181336,2e-09,True,2e-09,1.11,0.06078539,8.698970004336019,3.2899184647786726
HACL1,0.711,0.191,-0.051503093,0.086275259,8e-10,False,8e-10,0.711,0.051503093,9.096910013008056,3.2864710353360183
SLC22A23,-1.09,0.16,-0.064966072,1.89e-12,2e-09,True,2e-09,1.09,0.064966072,8.698970004336019,3.284645358778673
TCF25,1.07,0.00309,0.031268766,0.009864474,2e-09,True,2e-09,1.07,0.031268766,8.698970004336019,3.2667462567786725
MYDGF,0.588,0.159,-0.020415279,0.034095407,7e-10,False,7e-10,0.588,0.020415279,9.154901959985743,3.254439079661914
PLEKHA1,-1.22,0.0312,0.003864868,0.992711655,3e-09,False,3e-09,1.22,0.003864868,8.522878745280337,3.248914537760112
DENND1A,-0.303,0.42,-0.026236224,0.004257005,4e-10,True,4e-10,0.303,0.026236224,9.397940008672037,3.242392077557346
CANX,0.627,0.0216,0.058803758,0.022730097,1e-09,True,1e-09,0.627,0.058803758,9.0,3.2286012526666665
PRPF40B,0.438,0.613,-0.021502265,1.0,6e-10,False,6e-10,0.438,0.021502265,9.221848749616356,3.2271170048721185
CYP20A1,0.944,0.341,-0.013128552,1.0,2e-09,False,2e-09,0.944,0.013128552,8.698970004336019,3.2186995187786724
TMEM120B,-0.605,0.176,-0.047572456,0.016086328,1e-09,True,1e-09,0.605,0.047572456,9.0,3.217524152
COX5A,0.366,0.484,-0.056122978,7.41e-05,6e-10,False,6e-10,0.366,0.056122978,9.221848749616356,3.214657242538785
RAB7A,-1.92,0.0889,-0.018507216,0.016157032,2e-08,True,2e-08,1.92,0.018507216,7.698970004336019,3.212492406778673
RASA3,0.261,0.655,0.031236154,0.009037868,5e-10,True,5e-10,0.261,0.031236154,9.301029995663981,3.197755383221327
NRP1,1.87,0.0605,-0.02368724,0.279284018,2e-08,False,2e-08,1.87,0.02368724,7.698970004336019,3.1975524147786727
ARIH2,0.88,0.139,-0.005048488,1.0,2e-09,False,2e-09,0.88,0.005048488,8.698970004336019,3.1946728307786727
DYM,1.33,0.0291,-0.01727176,1.0,6e-09,False,6e-09,1.33,0.01727176,8.221848749616356,3.1897068365387855
UBFD1,1.41,0.000665,0.00121947,1.0,7e-09,True,7e-09,1.41,0.00121947,8.154901959985743,3.1887071433285805
NFIC,-1.82,0.000919,0.039333849,0.02623673,2e-08,False,2e-08,1.82,0.039333849,7.698970004336019,3.1861012844453396
TOM1L2,-0.809,0.171,-0.036211693,0.000121281,2e-09,True,2e-09,0.809,0.036211693,8.698970004336019,3.181393899112006
CELF2,-2.82,0.000182,-0.021151338,0.182272793,2e-07,True,2e-07,2.82,0.021151338,6.698970004336019,3.1800404474453394
SFXN1,-1.77,0.00413,-0.05933156,6.61e-11,2e-08,True,2e-08,1.77,0.05933156,7.698970004336019,3.1761005214453393
AHNAK,-1.25,0.235,0.050170198,0.05085994,6e-09,False,6e-09,1.25,0.050170198,8.221848749616356,3.1740063158721186
SYBU,0.964,0.0238,0.008179653,1.0,3e-09,True,3e-09,0.964,0.008179653,8.522878745280337,3.1650194660934456
TMEM59L,0.929,0.261,-0.036377962,0.212009887,3e-09,False,3e-09,0.929,0.036377962,8.522878745280337,3.162752235760112
CBR4,1.07,0.0336,0.007048141,1.0,4e-09,True,4e-09,1.07,0.007048141,8.397940008672037,3.1583293832240122
NUP155,1.45,0.0614,0.017645937,0.054552046,1e-08,True,1e-08,1.45,0.017645937,8.0,3.1558819789999997
NEO1,1.4,0.0392,-0.000377644,0.960501273,9e-09,False,9e-09,1.4,0.000377644,8.045757490560675,3.1487117115202246
TPCN1,-0.676,0.287,-0.058737186,0.013989821,2e-09,True,2e-09,0.676,0.058737186,8.698970004336019,3.1445690634453394
G3BP2,-1.34,0.0562,-0.081923759,0.010334923,1e-08,True,1e-08,1.34,0.081923759,8.0,3.140641253
ITPKB,-1.62,0.0377,0.079834648,7.15e-08,2e-08,False,2e-08,1.62,0.079834648,7.698970004336019,3.1329348841120064
GABRA2,-0.346,0.457,-0.015659602,0.423981186,1e-09,True,1e-09,0.346,0.015659602,9.0,3.1205532006666665
WDR12,-1.32,0.0479,0.026699529,0.232480907,1e-08,False,1e-08,1.32,0.026699529,8.0,3.1155665096666665
C1S,0.75,0.0675,0.050409648,0.111195371,3e-09,True,3e-09,0.75,0.050409648,8.522878745280337,3.1077627977601123
CTNNA2,0.926,0.0519,-0.384980149,1.83e-09,1e-08,False,1e-08,0.926,0.384980149,8.0,3.1036600496666664
TNIP1,-0.287,0.721,0.006697625,1.0,1e-09,False,1e-09,0.287,0.006697625,9.0,3.097899208333333
ZFYVE1,-0.132,0.726,-0.00425368,1.0,7e-10,True,7e-10,0.132,0.00425368,9.154901959985743,3.0970518799952473
AGFG2,-1.94,0.045,0.025868278,0.05566331,5e-08,False,5e-08,1.94,0.025868278,7.301029995663981,3.088966091221327
HADHA,1.55,0.0107,-0.012826899,0.506398071,2e-08,False,2e-08,1.55,0.012826899,7.698970004336019,3.0872656344453393
DENND4A,0.852,0.255,-0.006980361,1.0,4e-09,False,4e-09,0.852,0.006980361,8.397940008672037,3.0856401232240125
SNRPD1,1.2,0.0107,0.033049076,0.028050119,1e-08,True,1e-08,1.2,0.033049076,8.0,3.077683025333333
BAZ1B,1.06,0.00154,0.017973959,0.921346715,7e-09,True,7e-09,1.06,0.017973959,8.154901959985743,3.0776253063285806
ABHD12,0.8,0.0515,-0.033956987,0.00018465,4e-09,False,4e-09,0.8,0.033956987,8.397940008672037,3.0772989985573456
CLIP1,-1.9,0.000439,0.022903229,3.86e-05,5e-08,False,5e-08,1.9,0.022903229,7.301029995663981,3.074644408221327
SLC39A11,0.208,0.736,0.015495726,1.0,1e-09,True,1e-09,0.208,0.015495726,9.0,3.074498575333333
SMYD3,1.0,0.0661,-0.001217353,1.0,6e-09,False,6e-09,1.0,0.001217353,8.221848749616356,3.0743553675387854
CDH13,0.169,0.823,-0.047925348,0.015723708,1e-09,False,1e-09,0.169,0.047925348,9.0,3.0723084493333332
TMEM132C,-0.204,0.819,0.010001369,1.0,1e-09,False,1e-09,0.204,0.010001369,9.0,3.071333789666667
CLIP2,0.178,0.758,0.019947048,0.004525925,1e-09,True,1e-09,0.178,0.019947048,9.0,3.0659823493333334
AHNAK2,-1.75,0.0781,-0.036855592,0.14921583,4e-08,True,4e-08,1.75,0.036855592,7.3979400086720375,3.0615985335573455
CHID1,0.839,0.0244,0.006875286,0.533813943,5e-09,True,5e-09,0.839,0.006875286,8.301029995663981,3.0489684272213267
PITPNC1,-1.37,0.08,-0.076213744,9.53e-09,2e-08,True,2e-08,1.37,0.076213744,7.698970004336019,3.048394582778673
PSD3,-1.11,0.00554,0.014253805,0.143636313,1e-08,False,1e-08,1.11,0.014253805,8.0,3.0414179349999997
WAC,-2.07,0.0119,0.05035125,0.052553783,1e-07,False,1e-07,2.07,0.05035125,7.0,3.040117083333333
LAMB2,-0.11,0.934,-0.008220079,1.0,1e-09,True,1e-09,0.11,0.008220079,9.0,3.039406693
NRXN1,-1.04,0.015,0.063368472,8.23e-10,1e-08,False,1e-08,1.04,0.063368472,8.0,3.034456157333333
ABCD2,-1.69,0.0591,-0.0122236,1.0,4e-08,True,4e-08,1.69,0.0122236,7.3979400086720375,3.0333878695573455
SNX8,-0.386,0.739,0.008441739,1.0,2e-09,False,2e-09,0.386,0.008441739,8.698970004336019,3.0311372477786724
MRC1,-0.499,0.456,-0.069971805,0.065084831,3e-09,True,3e-09,0.499,0.069971805,8.522878745280337,3.0306168500934456
SRGAP3,-2.62,0.00474,-0.038147543,0.014123438,4e-07,True,4e-07,2.62,0.038147543,6.3979400086720375,3.0186958505573456
SPG11,1.01,0.0136,-5.33e-05,1.0,9e-09,False,9e-09,1.01,5.33e-05,8.045757490560675,3.018603596853558
EPSTI1,-0.33,0.783,-0.024936834,1.0,2e-09,True,2e-09,0.33,0.024936834,8.698970004336019,3.017968946112006
LSAMP,-1.02,0.0099,0.009709548,0.500951025,1e-08,False,1e-08,1.02,0.009709548,8.0,3.0099031826666667
KCNQ2,0.6,0.108,-0.028978929,0.024979311,4e-09,False,4e-09,0.6,0.028978929,8.397940008672037,3.0089729792240125
G3BP1,-2.3,0.0369,0.024976575,0.044781702,2e-07,False,2e-07,2.3,0.024976575,6.698970004336019,3.007982193112006
EIF4EBP2,-1.02,0.237,-0.003060038,1.0,1e-08,True,1e-08,1.02,0.003060038,8.0,3.0076866793333332
RAC1,0.833,0.0155,-0.088087508,6.77e-07,8e-09,False,8e-09,0.833,0.088087508,8.096910013008056,3.005999173669352
ZZEF1,1.3,0.187,0.011869689,0.29398686,2e-08,True,2e-08,1.3,0.011869689,7.698970004336019,3.0036132311120065
PRKCB,-1.84,0.000766,-0.014810702,0.814115009,7e-08,True,7e-08,1.84,0.014810702,7.154901959985743,3.0032375539952474
RAB40C,-0.783,0.0609,-0.041432786,0.03226508,7e-09,True,7e-09,0.783,0.041432786,8.154901959985743,2.9931115819952474
KIF3B,0.798,0.0639,-0.00325709,1.0,7e-09,False,7e-09,0.798,0.00325709,8.154901959985743,2.9853863499952475
EIF4G3,-0.915,0.00723,-0.012768819,0.347323946,1e-08,True,1e-08,0.915,0.012768819,8.0,2.9759229396666664
DLGAP2,0.561,0.137,-0.057521085,2.79e-06,5e-09,False,5e-09,0.561,0.057521085,8.301029995663981,2.97318369355466
AHCYL2,-0.575,0.543,-0.042053233,0.001030225,5e-09,True,5e-09,0.575,0.042053233,8.301029995663981,2.97269440955466
DENND3,-0.316,0.563,-0.067777519,0.151931178,3e-09,True,3e-09,0.316,0.067777519,8.522878745280337,2.968885421426779
CLMN,1.18,0.0922,0.024841025,0.532672054,2e-08,True,2e-08,1.18,0.024841025,7.698970004336019,2.967937009778673
LAMP1,1.82,0.000207,0.03627466,0.047886339,9e-08,True,9e-08,1.82,0.03627466,7.045757490560675,2.9673440501868917
CADM2,-1.12,0.169,-0.0510162,1.12e-08,2e-08,True,2e-08,1.12,0.0510162,7.698970004336019,2.9566620681120064
GIGYF1,-1.15,0.0898,0.010486484,0.870017765,2e-08,False,2e-08,1.15,0.010486484,7.698970004336019,2.953152162778673
PDE4D,-1.06,0.198,-0.089397245,1.93e-07,2e-08,True,2e-08,1.06,0.089397245,7.698970004336019,2.949455749778673
PLIN3,-1.44,0.0384,0.073979654,0.001343293,5e-08,False,5e-08,1.44,0.073979654,7.301029995663981,2.938336549887994
GALM,-0.706,0.443,0.096841887,0.000461663,1e-08,False,1e-08,0.706,0.096841887,8.0,2.934280629
DST,2.07,0.00406,0.030891442,3.1e-06,2e-07,True,2e-07,2.07,0.030891442,6.698970004336019,2.933287148778673
PHACTR4,-0.227,0.669,0.046659171,0.240000742,3e-09,False,3e-09,0.227,0.046659171,8.522878745280337,2.932179305426779
NFIB,-1.09,0.000997,0.001803085,1.0,2e-08,False,2e-08,1.09,0.001803085,7.698970004336019,2.9302576964453397
C3orf33,-1.07,0.163,-0.018966547,0.732333555,2e-08,True,2e-08,1.07,0.018966547,7.698970004336019,2.929312183778673
FMN2,-1.59,0.0107,-0.042552005,7.58e-06,7e-08,True,7e-08,1.59,0.042552005,7.154901959985743,2.9291513216619145
PDE10A,-0.48,0.672,0.004693184,1.0,5e-09,False,5e-09,0.48,0.004693184,8.301029995663981,2.928574393221327
SNX9,-1.56,0.00145,-0.00308623,0.680214625,6e-08,True,6e-08,1.56,0.00308623,7.221848749616356,2.9283116598721186
MICALL2,-3.18,0.00237,0.077816735,0.000410314,3e-06,False,3e-06,3.18,0.077816735,5.522878745280337,2.926898493426779
BTBD9,-1.22,0.237,0.035539497,0.199409703,3e-08,False,3e-08,1.22,0.035539497,7.522878745280337,2.9261394140934454
LARP4,-0.734,0.267,0.034169324,0.173408299,1e-08,False,1e-08,0.734,0.034169324,8.0,2.922723108
TIAM1,-1.06,0.126,0.002786642,1.0,2e-08,False,2e-08,1.06,0.002786642,7.698970004336019,2.920585548778673
NKAIN3,-0.66,0.456,-0.001740708,1.0,8e-09,True,8e-09,0.66,0.001740708,8.096910013008056,2.9195502403360187
CAMK1D,-0.655,0.0506,0.000987578,0.907696131,8e-09,False,8e-09,0.655,0.000987578,8.096910013008056,2.917632530336019
R3HCC1,0.569,0.117,0.016865763,1.0,7e-09,True,7e-09,0.569,0.016865763,8.154901959985743,2.9135892409952473
PLCXD3,0.714,0.279,0.020662275,0.330558701,1e-08,True,1e-08,0.714,0.020662275,8.0,2.9115540916666665
CTNNA3,1.16,0.164,0.049645954,0.235934185,3e-08,True,3e-08,1.16,0.049645954,7.522878745280337,2.910841566426779
ERC2,0.99,0.0534,-0.036260567,0.006866381,2e-08,False,2e-08,0.99,0.036260567,7.698970004336019,2.9084101904453394
CYCS,-1.95,0.0112,-0.059206024,0.000243561,2e-07,True,2e-07,1.95,0.059206024,6.698970004336019,2.902725342778673
PDE4B,0.39,0.387,-0.014244516,0.340593449,5e-09,False,5e-09,0.39,0.014244516,8.301029995663981,2.9017581705546602
OPLAH,0.141,0.873,0.039784378,0.001720091,3e-09,True,3e-09,0.141,0.039784378,8.522878745280337,2.9012210410934456
ITGB1BP1,1.35,0.00911,0.033036784,0.437676695,5e-08,True,5e-08,1.35,0.033036784,7.301029995663981,2.8946889265546605
ITSN2,-0.925,0.366,-0.051073195,2.83e-11,2e-08,True,2e-08,0.925,0.051073195,7.698970004336019,2.8916810664453396
SPRED2,1.1,0.00235,-0.039674517,0.065795527,3e-08,False,3e-08,1.1,0.039674517,7.522878745280337,2.8875177540934454
NFIX,-1.66,0.041,0.000592169,1.0,1e-07,False,1e-07,1.66,0.000592169,7.0,2.8868640563333328
SF3B3,0.483,0.148,0.021538608,9.88e-05,7e-09,True,7e-09,0.483,0.021538608,8.154901959985743,2.8864801893285805
TIMP2,1.04,0.128,0.093456017,8.21e-07,3e-08,True,3e-08,1.04,0.093456017,7.522878745280337,2.8854449207601123
ENPP6,-0.603,0.623,0.045902635,0.753455942,1e-08,False,1e-08,0.603,0.045902635,8.0,2.8829675449999996
MAP4,2.06,4.82e-05,-0.064573879,0.001634044,3e-07,False,3e-07,2.06,0.064573879,6.522878745280337,2.882484208093446
TSC22D1,0.893,0.183,-0.05079934,0.015880825,2e-08,False,2e-08,0.893,0.05079934,7.698970004336019,2.880923114778673
LRIG1,0.904,0.097,0.035224464,0.091339987,2e-08,True,2e-08,0.904,0.035224464,7.698970004336019,2.879398156112006
ATXN2L,-0.592,0.59,-0.045808035,0.000236534,1e-08,True,1e-08,0.592,0.045808035,8.0,2.879269345
DLG2,0.395,0.253,0.012101631,0.226908457,6e-09,True,6e-09,0.395,0.012101631,8.221848749616356,2.8763167935387854
TMEM163,0.179,0.658,-0.036686344,0.004292076,4e-09,False,4e-09,0.179,0.036686344,8.397940008672037,2.871208784224012
JUP,0.572,0.449,-0.033825107,0.004982759,1e-08,False,1e-08,0.572,0.033825107,8.0,2.868608369
PARN,1.04,0.0116,-0.029896567,0.134687025,3e-08,False,3e-08,1.04,0.029896567,7.522878745280337,2.8642584374267788
PDE8A,1.05,0.026,0.015376172,1.0,3e-08,True,3e-08,1.05,0.015376172,7.522878745280337,2.8627516390934455
HPCAL1,1.55,0.0893,-0.036724974,0.069118284,1e-07,False,1e-07,1.55,0.036724974,7.0,2.8622416579999994
KLHL42,-0.534,0.0934,-0.045201792,0.007863404,1e-08,True,1e-08,0.534,0.045201792,8.0,2.8597339306666667
MOBP,-1.55,0.0601,0.027677543,1.0,1e-07,False,1e-07,1.55,0.027677543,7.0,2.859225847666666
CELF1,-0.563,0.0567,4.84e-05,0.998869646,1e-08,False,1e-08,0.563,4.84e-05,8.0,2.8543494666666667
EHHADH,-0.835,0.238,-0.014898763,0.641383755,2e-08,True,2e-08,0.835,0.014898763,7.698970004336019,2.8496229224453398
ELMO1,2.5,0.000481,0.03543859,0.23692229,1e-06,True,1e-06,2.5,0.03543859,6.0,2.8451461966666667
PTPRG,1.12,0.0465,-0.003923822,1.0,4e-08,False,4e-08,1.12,0.003923822,7.3979400086720375,2.840621276890679
COL25A1,-0.958,0.188,1.459160874,8.47e-17,8e-07,False,8e-07,0.958,1.459160874,6.096910013008056,2.8380236290026852
PCCA,0.971,0.0243,-0.019505272,0.094991396,3e-08,False,3e-08,0.971,0.019505272,7.522878745280337,2.837794672426779
PTDSS2,-0.494,0.365,0.014992177,0.853596288,1e-08,False,1e-08,0.494,0.014992177,8.0,2.8363307256666666
MTMR2,-0.204,0.822,-0.003146448,0.639076553,5e-09,True,5e-09,0.204,0.003146448,8.301029995663981,2.83605881455466
SH3D19,0.932,0.175,-0.045317371,0.385776042,3e-08,False,3e-08,0.932,0.045317371,7.522878745280337,2.8333987054267786
NSF,-1.48,0.00617,-0.016817868,0.128536489,1e-07,True,1e-07,1.48,0.016817868,7.0,2.8322726226666664
DCC,0.766,0.111,-0.029048536,0.090179929,2e-08,False,2e-08,0.766,0.029048536,7.698970004336019,2.8313395134453394
CTSH,-0.04,0.961,0.039640569,0.681016804,4e-09,False,4e-09,0.04,0.039640569,8.397940008672037,2.8258601925573457
AP2A2,1.21,0.00311,-0.041068468,2.77e-06,6e-08,False,6e-08,1.21,0.041068468,7.221848749616356,2.824305739205452
MAGI2,-3.02,2.44e-05,-0.010000009,0.154799768,4e-06,True,4e-06,3.02,0.010000009,5.3979400086720375,2.8093133392240124
TANC2,-2.13,0.0535,-0.043873364,1.5e-05,6e-07,True,6e-07,2.13,0.043873364,6.221848749616356,2.7985740378721182
IARS2,0.829,0.0482,-0.036204999,4.04e-05,3e-08,False,3e-08,0.829,0.036204999,7.522878745280337,2.796027914760112
WBP1L,-0.195,0.583,-0.036852514,0.432967318,7e-09,True,7e-09,0.195,0.036852514,8.154901959985743,2.795584824661914
HLA-DRB1,0.775,0.239,0.086235034,0.468831514,3e-08,True,3e-08,0.775,0.086235034,7.522878745280337,2.7947045930934453
ABCB1,-1.03,0.00898,-0.049044147,0.001631829,5e-08,True,5e-08,1.03,0.049044147,7.301029995663981,2.79335804755466
MTM1,-1.27,0.0373,0.012945804,0.354713272,8e-08,False,8e-08,1.27,0.012945804,7.096910013008056,2.7932852723360186
EML6,-1.63,0.0864,-0.050018728,7.78e-06,2e-07,True,2e-07,1.63,0.050018728,6.698970004336019,2.7929962441120058
CD55,0.647,0.519,-0.029469885,1.0,2e-08,False,2e-08,0.647,0.029469885,7.698970004336019,2.7918132964453397
HS6ST3,-3.08,0.000776,-0.053532756,0.053297574,6e-06,True,6e-06,3.08,0.053532756,5.221848749616356,2.7851271685387853
ACTN4,-0.982,0.107,-0.064622743,2.96e-11,5e-08,True,5e-08,0.982,0.064622743,7.301029995663981,2.7825509128879937
DCAF7,-2.17,0.00356,-0.011350291,0.244200346,7e-07,True,7e-07,2.17,0.011350291,6.154901959985743,2.7787507503285807
COL4A2,-2.29,0.00862,-0.040731388,0.328743288,1e-06,True,1e-06,2.29,0.040731388,6.0,2.7769104626666667
GRAMD1B,0.299,0.487,-0.0105191,1.0,1e-08,False,1e-08,0.299,0.0105191,8.0,2.7698397
NPC1,0.575,0.316,0.032991818,0.292421895,2e-08,True,2e-08,0.575,0.032991818,7.698970004336019,2.768987274112006
AGRN,-0.853,0.205,0.052436518,4.57e-07,4e-08,False,4e-08,0.853,0.052436518,7.3979400086720375,2.7677921755573456
RAPGEF2,-0.753,0.0686,-0.02248703,0.13144405,3e-08,True,3e-08,0.753,0.02248703,7.522878745280337,2.7661219250934455
STK3,-0.191,0.728,-0.003360436,0.891387095,8e-09,True,8e-09,0.191,0.003360436,8.096910013008056,2.7637568163360187
ARHGEF28,-2.88,0.00415,0.011892883,0.759500868,4e-06,False,4e-06,2.88,0.011892883,5.3979400086720375,2.7632776305573454
TESC,0.262,0.551,-0.021078982,0.456079414,1e-08,False,1e-08,0.262,0.021078982,8.0,2.761026327333333
PKP2,-0.165,0.919,-0.071631582,0.011573166,9e-09,True,9e-09,0.165,0.071631582,8.045757490560675,2.7607963575202246
TLK2,0.946,0.0737,0.023717205,0.371676595,5e-08,True,5e-08,0.946,0.023717205,7.301029995663981,2.7569157335546604
ANAPC10,0.517,0.166,0.044087561,0.077166925,2e-08,True,2e-08,0.517,0.044087561,7.698970004336019,2.7533525217786727
SLC9A7,0.838,0.179,0.022323853,0.211093491,4e-08,True,4e-08,0.838,0.022323853,7.3979400086720375,2.7527546205573454
WDR41,-2.1,0.0099,-0.000396543,1.0,7e-07,True,7e-07,2.1,0.000396543,6.154901959985743,2.751766167661914
NIT2,1.68,0.0006,-0.048044257,0.085323476,3e-07,False,3e-07,1.68,0.048044257,6.522878745280337,2.750307667426779
PTPRD,-0.51,0.404,0.033422743,0.473301773,2e-08,False,2e-08,0.51,0.033422743,7.698970004336019,2.747464249112006
FEZ1,0.706,0.0571,0.010024576,0.777975972,3e-08,True,3e-08,0.706,0.010024576,7.522878745280337,2.7463011070934455
ARVCF,-1.5,0.0541,0.038543028,0.000852906,2e-07,False,2e-07,1.5,0.038543028,6.698970004336019,2.7458376774453397
RABGEF1,0.0563,0.952,-0.023831856,0.000827494,7e-09,False,7e-09,0.0563,0.023831856,8.154901959985743,2.7450112719952475
NTM,-2.19,0.0116,-0.026886728,0.014132163,1e-06,True,1e-06,2.19,0.026886728,6.0,2.7389622426666667
ACOX1,0.734,0.0503,-0.07415409,7.81e-06,4e-08,False,4e-08,0.734,0.07415409,7.3979400086720375,2.7353646995573455
LCMT1,0.772,0.0394,0.02772646,0.000702356,4e-08,True,4e-08,0.772,0.02772646,7.3979400086720375,2.7325554895573454
AMPH,1.78,0.00687,0.015844963,0.243544361,4e-07,True,4e-07,1.78,0.015844963,6.3979400086720375,2.7312616572240125
THOC1,0.854,0.0238,0.03630459,0.062482341,5e-08,True,5e-08,0.854,0.03630459,7.301029995663981,2.7304448618879937
PNPLA7,-1.07,0.364,0.014785176,0.700710897,8e-08,False,8e-08,1.07,0.014785176,7.096910013008056,2.727231729669352
SCARA3,-0.123,0.935,-0.047091714,0.520966529,1e-08,True,1e-08,0.123,0.047091714,8.0,2.7233639046666664
CD34,-0.609,0.364,0.034868424,0.572022606,3e-08,False,3e-08,0.609,0.034868424,7.522878745280337,2.722249056426779
COG7,0.719,0.356,-0.033800715,0.002822826,4e-08,False,4e-08,0.719,0.033800715,7.3979400086720375,2.7169135745573456
LRRC4C,-2.02,0.00808,-0.033467629,0.011093953,8e-07,True,8e-07,2.02,0.033467629,6.096910013008056,2.7167925473360186
SNX29,-1.44,0.0944,-0.009878979,1.0,2e-07,True,2e-07,1.44,0.009878979,6.698970004336019,2.7162829944453395
OSBPL6,0.81,0.0374,-0.033237686,0.000394408,5e-08,False,5e-08,0.81,0.033237686,7.301029995663981,2.7147558938879937
CDC42SE2,1.42,0.000925,-0.019180497,1.0,2e-07,False,2e-07,1.42,0.019180497,6.698970004336019,2.7127168337786727
CRTC1,0.381,0.612,0.056504251,0.000573744,2e-08,True,2e-08,0.381,0.056504251,7.698970004336019,2.7121580851120064
RGS6,-0.58,0.394,-0.031203399,0.001510577,3e-08,True,3e-08,0.58,0.031203399,7.522878745280337,2.711360714760112
DARS2,-0.582,0.473,0.00788398,0.563216676,3e-08,False,3e-08,0.582,0.00788398,7.522878745280337,2.704254241760112
PHF14,0.0979,0.851,-0.013105361,1.0,1e-08,False,1e-08,0.0979,0.013105361,8.0,2.7036684536666664
ATG13,0.576,0.108,-0.002348262,0.813138955,3e-08,False,3e-08,0.576,0.002348262,7.522878745280337,2.700409002426779
MFSD10,0.4,0.615,-0.000676345,1.0,2e-08,False,2e-08,0.4,0.000676345,7.698970004336019,2.6998821164453397
EXOC4,0.624,0.0284,-0.021380521,0.000756294,4e-08,False,4e-08,0.624,0.021380521,7.3979400086720375,2.681106843224012
UGGT2,2.67,0.00993,-0.053434596,1.33e-08,5e-06,False,5e-06,2.67,0.053434596,5.301029995663981,2.6748215305546603
NXN,-0.687,0.243,0.035849732,0.06699323,5e-08,False,5e-08,0.687,0.035849732,7.301029995663981,2.6746265758879937
ASPSCR1,0.314,0.775,-0.002218089,0.832899992,2e-08,False,2e-08,0.314,0.002218089,7.698970004336019,2.6717293644453397
TRIQK,1.58,0.0932,0.022830146,0.492324201,4e-07,True,4e-07,1.58,0.022830146,6.3979400086720375,2.666923384890679
SCN2A,-0.675,0.0964,-0.024112857,0.061851182,5e-08,True,5e-08,0.675,0.024112857,7.301029995663981,2.666714284221327
GSK3B,0.923,0.0237,-0.073904074,2.05e-17,1e-07,False,1e-07,0.923,0.073904074,7.0,2.665634691333333
CACNA1E,0.587,0.134,-0.00672564,1.0,4e-08,False,4e-08,0.587,0.00672564,7.3979400086720375,2.6638885495573454
PRKAA1,-1.96,0.0282,0.030545284,6.36e-05,1e-06,False,1e-06,1.96,0.030545284,6.0,2.663515094666667
PARP10,-1.8,0.0378,0.026732702,0.819596987,7e-07,False,7e-07,1.8,0.026732702,6.154901959985743,2.660544887328581
MARK2,-0.432,0.696,-0.013387238,0.113546748,3e-08,True,3e-08,0.432,0.013387238,7.522878745280337,2.6560886610934453
PFKFB4,-0.423,0.517,-0.017867773,1.0,3e-08,True,3e-08,0.423,0.017867773,7.522878745280337,2.654582172760112
FAM171A1,0.248,0.428,0.009628915,0.575862894,2e-08,True,2e-08,0.248,0.009628915,7.698970004336019,2.652199639778673
RIC8B,0.231,0.578,0.023938191,0.167355627,2e-08,True,2e-08,0.231,0.023938191,7.698970004336019,2.651302731778673
F13A1,0.633,0.436,-0.007854811,1.0,5e-08,False,5e-08,0.633,0.007854811,7.301029995663981,2.6472949355546604
DMD,1.92,0.0527,-0.010280791,1.0,1e-06,False,1e-06,1.92,0.010280791,6.0,2.6434269303333333
CSMD1,-1.36,0.0777,-0.039182768,0.000291559,3e-07,True,3e-07,1.36,0.039182768,6.522878745280337,2.640687171093446
NOTCH1,-0.752,0.23,0.013443499,1.0,7e-08,False,7e-08,0.752,0.013443499,7.154901959985743,2.640115152995248
ABCA8,-1.35,0.226,0.038658517,0.308747873,3e-07,False,3e-07,1.35,0.038658517,6.522878745280337,2.6371790874267793
KCNH1,-0.478,0.579,-0.022152983,0.090922521,4e-08,True,4e-08,0.478,0.022152983,7.3979400086720375,2.6326976638906787
PRKAG2,2.14,1.85e-05,0.022392847,0.006336625,2e-06,True,2e-06,2.14,0.022392847,5.698970004336019,2.620454283778673
STAU1,0.43,0.407,0.030767006,5.92e-05,4e-08,True,4e-08,0.43,0.030767006,7.3979400086720375,2.619569004890679
CAMTA1,1.49,0.0024,-0.058287589,0.23888586,5e-07,False,5e-07,1.49,0.058287589,6.301029995663981,2.6164391948879935
TLN2,-1.27,0.14,-0.052015596,5.98e-08,3e-07,True,3e-07,1.27,0.052015596,6.522878745280337,2.6149647804267793
FAM135B,-1.79,0.00368,-0.004297654,1.0,9e-07,True,9e-07,1.79,0.004297654,6.045757490560675,2.6133517148535583
YTHDC2,-2.3,0.00503,0.004822898,1.0,3e-06,False,3e-06,2.3,0.004822898,5.522878745280337,2.6092338810934455
TENM2,-0.41,0.367,-0.01865097,0.153631908,4e-08,True,4e-08,0.41,0.01865097,7.3979400086720375,2.6088636595573456
CABLES2,-0.285,0.428,0.010929358,1.0,3e-08,False,3e-08,0.285,0.010929358,7.522878745280337,2.6062693677601123
EFNA5,-1.62,0.0554,0.040479066,0.027732409,7e-07,False,7e-07,1.62,0.040479066,6.154901959985743,2.6051270086619143
FNIP1,-1.4,0.00514,-0.010913942,1.0,4e-07,True,4e-07,1.4,0.010913942,6.3979400086720375,2.602951316890679
ACSL6,1.04,0.0176,-0.028637547,0.017254021,2e-07,False,2e-07,1.04,0.028637547,6.698970004336019,2.589202517112006
LAMA1,1.49,0.0411,0.055341284,0.096768568,6e-07,True,6e-07,1.49,0.055341284,6.221848749616356,2.589063344538785
LCP1,-1.72,0.0465,0.045161173,0.038432002,1e-06,False,1e-06,1.72,0.045161173,6.0,2.5883870576666665
PRKG1,-2.25,0.0241,0.109331192,3.61e-09,4e-06,False,4e-06,2.25,0.109331192,5.3979400086720375,2.585757066890679
RAD23B,0.741,0.118,-0.003058809,1.0,1e-07,False,1e-07,0.741,0.003058809,7.0,2.581352936333333
LRP1B,-0.722,0.0506,0.012012378,0.642648924,1e-07,False,1e-07,0.722,0.012012378,7.0,2.5780041259999997
ERVK13-1,-1.47,0.138,0.040470228,0.552919562,6e-07,False,6e-07,1.47,0.040470228,6.221848749616356,2.5774396592054516
COL12A1,-0.555,0.671,-0.017493295,1.0,7e-08,True,7e-08,0.555,0.017493295,7.154901959985743,2.575798418328581
MSRA,0.535,0.262,0.035675115,0.014212997,7e-08,True,7e-08,0.535,0.035675115,7.154901959985743,2.575192358328581
SLMAP,-2.0,0.0455,0.006334222,0.946086322,2e-06,False,2e-06,2.0,0.006334222,5.698970004336019,2.5684347421120064
MYO1C,-0.367,0.443,-0.033298094,0.017169121,5e-08,True,5e-08,0.367,0.033298094,7.301029995663981,2.567109363221327
KCNN3,-1.93,0.0221,0.068839673,0.000130788,2e-06,False,2e-06,1.93,0.068839673,5.698970004336019,2.5659365591120062
BCAR3,-0.437,0.33,0.021128917,0.218369136,6e-08,False,6e-08,0.437,0.021128917,7.221848749616356,2.559992555538785
NCS1,-1.49,0.00207,-0.027515424,0.067231952,7e-07,True,7e-07,1.49,0.027515424,6.154901959985743,2.557472461328581
JPH3,-2.12,0.00813,0.00328794,1.0,3e-06,False,3e-06,2.12,0.00328794,5.522878745280337,2.548722228426779
TOP1,-2.23,4.22e-05,0.015365426,0.344267769,4e-06,False,4e-06,2.23,0.015365426,5.3979400086720375,2.5477684782240124
TMUB2,0.2,0.677,-0.024330999,0.493672642,4e-08,False,4e-08,0.2,0.024330999,7.3979400086720375,2.5407570025573456
KAZN,-1.29,0.0116,-0.026199706,0.018371004,5e-07,True,5e-07,1.29,0.026199706,6.301029995663981,2.539076567221327
PITPNA,1.39,0.0031,-0.044622311,3.11e-07,7e-07,False,7e-07,1.39,0.044622311,6.154901959985743,2.5298414236619142
LINGO1,-0.794,0.0469,-0.063341241,3.15e-07,2e-07,True,2e-07,0.794,0.063341241,6.698970004336019,2.518770415112006
GOLIM4,-1.24,0.0483,-0.010795908,1.0,5e-07,True,5e-07,1.24,0.010795908,6.301029995663981,2.5172753012213267
MAP7D3,-1.47,0.0271,-0.079220651,0.027529494,1e-06,True,1e-06,1.47,0.079220651,6.0,2.516406883666667
WNK3,1.54,0.0872,-0.001542091,0.865637217,1e-06,False,1e-06,1.54,0.001542091,6.0,2.5138473636666667
ZBTB20,-1.82,0.00257,0.022147404,0.884495879,2e-06,False,2e-06,1.82,0.022147404,5.698970004336019,2.5137058027786727
POLG,-0.486,0.0756,-0.036632262,0.668934936,1e-07,True,1e-07,0.486,0.036632262,7.0,2.507544087333333
DOCK10,1.49,0.0171,0.024145598,0.122977205,1e-06,True,1e-06,1.49,0.024145598,6.0,2.5047151993333334
FARSB,-1.21,0.00415,-0.068381198,2.1e-07,6e-07,True,6e-07,1.21,0.068381198,6.221848749616356,2.5000766492054516
CHN2,-1.34,0.0108,-0.00506925,1.0,7e-07,True,7e-07,1.34,0.00506925,6.154901959985743,2.4999904033285807
MTMR14,-1.48,0.0528,-0.012339804,0.990327159,1e-06,True,1e-06,1.48,0.012339804,6.0,2.4974466013333334
SORCS3,0.709,0.07,-0.066031403,8.64e-06,2e-07,False,2e-07,0.709,0.066031403,6.698970004336019,2.4913338024453395
SH3RF1,-1.21,0.0099,-0.039689048,0.033883442,6e-07,True,6e-07,1.21,0.039689048,6.221848749616356,2.4905125992054518
GNG2,0.716,0.17,-0.052921433,0.013418585,2e-07,False,2e-07,0.716,0.052921433,6.698970004336019,2.489297145778673
EXOC7,1.45,0.0252,-0.015498395,0.025299882,1e-06,False,1e-06,1.45,0.015498395,6.0,2.488499465
GGACT,-1.4,0.0987,0.005847876,1.0,9e-07,False,9e-07,1.4,0.005847876,6.045757490560675,2.483868455520225
FUT8,1.7,0.0194,-0.011396266,1.0,2e-06,False,2e-06,1.7,0.011396266,5.698970004336019,2.4701220901120062
SLC4A8,0.791,0.103,-0.093930158,4.21e-10,3e-07,False,3e-07,0.791,0.093930158,6.522878745280337,2.4692696344267793
CHD2,0.663,0.0474,-0.025551083,0.298432704,2e-07,False,2e-07,0.663,0.025551083,6.698970004336019,2.462507029112006
APBA1,-0.828,0.164,0.015797537,0.101766685,3e-07,False,3e-07,0.828,0.015797537,6.522878745280337,2.4555587607601126
NAPEPLD,-0.915,0.0323,0.053101712,0.000522867,4e-07,False,4e-07,0.915,0.053101712,6.3979400086720375,2.4553472402240124
TMEM178B,1.8,0.0162,-0.042218485,0.035768824,3e-06,False,3e-06,1.8,0.042218485,5.522878745280337,2.4550324100934455
FRMPD4,0.636,0.132,-0.004901202,1.0,2e-07,False,2e-07,0.636,0.004901202,6.698970004336019,2.4466237354453395
HECW1,-1.31,0.0348,0.013026668,0.17067337,1e-06,False,1e-06,1.31,0.013026668,6.0,2.4410088893333333
SLC38A1,0.782,0.0726,0.013258707,1.0,3e-07,True,3e-07,0.782,0.013258707,6.522878745280337,2.4393791507601126
DSCAML1,-0.306,0.534,-0.008745368,1.0,1e-07,True,1e-07,0.306,0.008745368,7.0,2.4382484559999997
BMPER,-0.246,0.838,0.062459707,0.039606733,1e-07,False,1e-07,0.246,0.062459707,7.0,2.436153235666666
MVD,1.14,0.127,-0.001740458,1.0,7e-07,False,7e-07,1.14,0.001740458,6.154901959985743,2.4322141393285808
RNF130,2.17,0.0165,0.022299945,0.868682892,8e-06,True,8e-06,2.17,0.022299945,5.096910013008056,2.429736652669352
ARFGEF2,0.727,0.0997,-0.016509252,0.035960311,3e-07,False,3e-07,0.727,0.016509252,6.522878745280337,2.422129332426779
PRRC2C,-1.2,0.00376,0.003956917,0.996016841,9e-07,False,9e-07,1.2,0.003956917,6.045757490560675,2.4165714691868914
REEP3,-0.488,0.313,0.061392527,0.038796717,2e-07,False,2e-07,0.488,0.061392527,6.698970004336019,2.416120843778673
CNTNAP5,-1.0,0.0633,-0.025187879,0.032680681,6e-07,True,6e-07,1.0,0.025187879,6.221848749616356,2.415678876205452
RBFOX3,-1.88,0.0285,0.046526658,0.001328962,5e-06,False,5e-06,1.88,0.046526658,5.301029995663981,2.409185551221327
FARP1,-1.17,0.0589,0.00595654,1.0,9e-07,False,9e-07,1.17,0.00595654,6.045757490560675,2.4072380101868913
MAP4K4,-1.86,0.0103,0.04211686,0.29248998,5e-06,False,5e-06,1.86,0.04211686,5.301029995663981,2.4010489518879936
GRIN2B,-1.62,0.000187,-0.044033838,7.8e-05,3e-06,True,3e-06,1.62,0.044033838,5.522878745280337,2.3956375277601123
UNC13A,1.44,0.00132,-0.045053269,3.53e-06,2e-06,False,2e-06,1.44,0.045053269,5.698970004336019,2.3946744244453395
GGA3,-2.14,1.31e-05,-0.0326527,1.84e-05,1e-05,True,1e-05,2.14,0.0326527,5.0,2.3908842333333333
FCER1G,1.41,0.27,-0.05783396,0.352908633,2e-06,False,2e-06,1.41,0.05783396,5.698970004336019,2.388934654778673
MAD1L1,1.11,0.239,0.051149391,0.00015985,1e-06,True,1e-06,1.11,0.051149391,6.0,2.387049797
ERBB4,-1.63,0.0886,-0.005960442,0.671604147,3e-06,True,3e-06,1.63,0.005960442,5.522878745280337,2.3862797290934457
PHACTR2,-1.06,0.0218,-0.034146738,0.024843743,9e-07,True,9e-07,1.06,0.034146738,6.045757490560675,2.3799680761868913
NDUFA12,0.691,0.212,-0.046037899,3.97e-05,4e-07,False,4e-07,0.691,0.046037899,6.3979400086720375,2.3783259692240124
PARVB,-0.825,0.311,0.008598835,1.0,5e-07,False,5e-07,0.825,0.008598835,6.301029995663981,2.378209610221327
NBEA,0.598,0.245,-0.008598331,0.43670392,3e-07,False,3e-07,0.598,0.008598331,6.522878745280337,2.3764923587601126
GPR180,-1.89,0.0489,-0.016470313,0.828895094,6e-06,True,6e-06,1.89,0.016470313,5.221848749616356,2.3761063542054517
SPOCK1,1.8,0.00198,0.173260836,6.39e-20,7e-06,True,7e-06,1.8,0.173260836,5.154901959985743,2.3760542653285808
PCDH11X,0.41,0.715,-0.017462373,1.0,2e-07,False,2e-07,0.41,0.017462373,6.698970004336019,2.3754774591120063
HERC2,-0.0903,0.817,0.028921689,0.0033675,1e-07,False,1e-07,0.0903,0.028921689,7.0,2.373073896333333
DCLK2,-0.925,0.357,-0.00976411,0.667490193,7e-07,True,7e-07,0.925,0.00976411,6.154901959985743,2.363222023328581
MPZL1,-1.04,0.116,-0.005541879,1.0,1e-06,True,1e-06,1.04,0.005541879,6.0,2.3485139596666667
MEGF10,-0.894,0.116,0.028844418,0.349887867,8e-07,False,8e-07,0.894,0.028844418,6.096910013008056,2.339918143669352
CADPS2,-0.879,0.18,-0.038167265,0.000319647,8e-07,True,8e-07,0.879,0.038167265,6.096910013008056,2.3380257593360185
CPNE8,-0.941,0.238,-0.028937396,0.098174197,1e-06,True,1e-06,0.941,0.028937396,6.0,2.3233124653333332
HSPG2,0.813,0.0936,-0.050991593,0.05996667,8e-07,False,8e-07,0.813,0.050991593,6.096910013008056,2.3203005353360187
ARAP2,0.536,0.64,-0.02271492,0.340590762,4e-07,False,4e-07,0.536,0.02271492,6.3979400086720375,2.3188849762240125
CAMSAP1,0.886,0.0365,-0.04736841,5.4e-11,1e-06,False,1e-06,0.886,0.04736841,6.0,2.3111228033333333
KRT5,0.469,0.703,0.066085891,0.451303206,4e-07,True,4e-07,0.469,0.066085891,6.3979400086720375,2.3110086332240125
ANO3,0.617,0.0858,-0.003218813,1.0,5e-07,False,5e-07,0.617,0.003218813,6.301029995663981,2.307082936221327
DMXL1,-0.824,0.0835,-0.034984389,2.33e-07,9e-07,True,9e-07,0.824,0.034984389,6.045757490560675,2.3015806265202245
STX8,1.7,0.000665,0.044566227,4.34e-05,7e-06,True,7e-06,1.7,0.044566227,5.154901959985743,2.2998227289952475
SQSTM1,0.66,0.0426,0.080804379,0.000135433,7e-07,True,7e-07,0.66,0.080804379,6.154901959985743,2.298568779661914
COLGALT2,0.348,0.505,0.022696324,0.442649618,3e-07,True,3e-07,0.348,0.022696324,6.522878745280337,2.297858356426779
RASIP1,-0.632,0.406,0.010039445,0.566646896,6e-07,False,6e-07,0.632,0.010039445,6.221848749616356,2.287962731538785
CPNE4,0.394,0.667,-0.067212256,9.25e-09,4e-07,False,4e-07,0.394,0.067212256,6.3979400086720375,2.2863840882240125
CAMK4,-1.08,0.0217,-0.080026703,2.92e-08,2e-06,True,2e-06,1.08,0.080026703,5.698970004336019,2.286332235778673
PAK2,-1.53,0.0632,0.024545548,0.002363663,5e-06,False,5e-06,1.53,0.024545548,5.301029995663981,2.285191847887994
RIMBP2,-1.71,0.000998,-0.040354253,1.12e-05,8e-06,True,8e-06,1.71,0.040354253,5.096910013008056,2.2824214220026855
SLC7A2,-0.959,0.315,0.173361044,7.2e-06,2e-06,False,2e-06,0.959,0.173361044,5.698970004336019,2.2771103494453397
MAPK7,-0.815,0.404,0.013614083,1.0,1e-06,False,1e-06,0.815,0.013614083,6.0,2.2762046943333334
ENAH,0.809,0.049,-0.012562115,0.620770813,1e-06,False,1e-06,0.809,0.012562115,6.0,2.2738540383333334
CDH12,0.548,0.614,-0.040783248,0.046003044,6e-07,False,6e-07,0.548,0.040783248,6.221848749616356,2.2702106658721184
SORD,-1.06,0.146,0.044118259,0.008000494,2e-06,False,2e-06,1.06,0.044118259,5.698970004336019,2.2676960877786727
ASTN2,0.457,0.703,-0.041874377,0.000276379,5e-07,False,5e-07,0.457,0.041874377,6.301029995663981,2.2666347908879936
SCN8A,-1.55,0.000852,0.026287671,0.044535658,6e-06,False,6e-06,1.55,0.026287671,5.221848749616356,2.266045473538785
ARHGAP20,-0.605,0.57,-0.036765071,0.642977268,7e-07,True,7e-07,0.605,0.036765071,6.154901959985743,2.2655556769952474
OPTN,0.75,0.0477,0.038973231,0.726187857,1e-06,True,1e-06,0.75,0.038973231,6.0,2.262991077
CLPX,-0.372,0.276,-0.008704512,0.916898292,4e-07,True,4e-07,0.372,0.008704512,6.3979400086720375,2.259548173557346
SUSD5,-1.37,0.118,-0.009928447,0.598967022,4e-06,True,4e-06,1.37,0.009928447,5.3979400086720375,2.2592894852240124
PBX1,-1.22,0.000634,0.030002316,0.69338727,3e-06,False,3e-06,1.22,0.030002316,5.522878745280337,2.2576270204267788
CCDC85C,-1.06,0.0205,0.013487999,1.0,2e-06,False,2e-06,1.06,0.013487999,5.698970004336019,2.257486001112006
CNTNAP4,0.652,0.489,0.007981526,0.998844833,8e-07,True,8e-07,0.652,0.007981526,6.096910013008056,2.252297179669352
TPD52,1.02,0.148,0.034454937,0.222113245,2e-06,True,2e-06,1.02,0.034454937,5.698970004336019,2.2511416471120063
FAT3,-1.7,0.000548,0.002165917,1.0,9e-06,False,9e-06,1.7,0.002165917,5.045757490560675,2.249307802520225
VAT1L,0.268,0.562,0.080701256,0.000581314,4e-07,True,4e-07,0.268,0.080701256,6.3979400086720375,2.2488804215573457
FHOD3,1.04,0.00861,-0.004805204,1.0,2e-06,False,2e-06,1.04,0.004805204,5.698970004336019,2.2479250694453397
VSNL1,0.503,0.369,-0.017845406,0.427668369,6e-07,False,6e-07,0.503,0.017845406,6.221848749616356,2.247564718538785
CADPS,1.47,0.0111,-0.049578485,2.01e-08,6e-06,False,6e-06,1.47,0.049578485,5.221848749616356,2.2471424115387855
TNXB,-0.958,0.332,-0.071166032,0.018564713,2e-06,True,2e-06,0.958,0.071166032,5.698970004336019,2.242712012112006
STXBP6,1.32,0.238,-6.84e-05,0.996435957,4e-06,False,4e-06,1.32,6.84e-05,5.3979400086720375,2.2393361362240123
TFAP4,-1.52,0.0378,0.038296269,0.212008409,7e-06,False,7e-06,1.52,0.038296269,5.154901959985743,2.237732742995248
PTK7,-1.52,0.0687,-0.029821075,0.143598564,7e-06,True,7e-06,1.52,0.029821075,5.154901959985743,2.2349076783285806
PID1,0.677,0.154,0.024874151,0.987292314,1e-06,True,1e-06,0.677,0.024874151,6.0,2.2339580503333334
GATAD2A,-0.58,0.154,0.020749872,0.432241496,8e-07,False,8e-07,0.58,0.020749872,6.096910013008056,2.232553295002685
DGKI,-0.111,0.844,-0.063537995,2.29e-10,3e-07,True,3e-07,0.111,0.063537995,6.522878745280337,2.2324722467601124
RASSF8,-1.18,0.187,0.117868054,6.66e-06,4e-06,False,4e-06,1.18,0.117868054,5.3979400086720375,2.231936020890679
AKR7A3,-1.28,0.0279,0.007535077,1.0,4e-06,False,4e-06,1.28,0.007535077,5.3979400086720375,2.228491695224012
ABLIM2,-1.13,0.133,-0.029855578,0.043336964,3e-06,True,3e-06,1.13,0.029855578,5.522878745280337,2.2275781077601122
GABBR2,1.25,0.000576,-0.031996612,0.000732679,4e-06,False,4e-06,1.25,0.031996612,5.3979400086720375,2.226645540224012
ARIH1,1.45,0.0581,-0.00169167,1.0,6e-06,False,6e-06,1.45,0.00169167,5.221848749616356,2.224513473205452
NECAB1,-0.397,0.602,-0.051680263,0.000444163,6e-07,True,6e-07,0.397,0.051680263,6.221848749616356,2.2235096708721183
RAP1A,0.56,0.0782,-0.012805808,1.0,8e-07,False,8e-07,0.56,0.012805808,6.096910013008056,2.2232386070026853
SFT2D2,-1.02,0.00793,0.118944379,3.66e-05,3e-06,False,3e-06,1.02,0.118944379,5.522878745280337,2.2206077080934454
TRIP4,0.241,0.534,0.019728249,0.635229831,4e-07,True,4e-07,0.241,0.019728249,6.3979400086720375,2.2195560858906793
AHCYL1,-0.547,0.114,-0.102285508,8.3e-13,1e-06,True,1e-06,0.547,0.102285508,6.0,2.2164285026666666
CENPE,-0.0963,0.951,-0.025762519,0.262307305,3e-07,True,3e-07,0.0963,0.025762519,6.522878745280337,2.214980421426779
RNF220,0.0946,0.83,0.023722505,0.180461201,3e-07,True,3e-07,0.0946,0.023722505,6.522878745280337,2.213733750093446
ADCY8,0.926,0.0146,-0.012823792,0.61650891,2e-06,False,2e-06,0.926,0.012823792,5.698970004336019,2.212597932112006
GATB,1.41,0.0349,-0.003564964,1.0,6e-06,False,6e-06,1.41,0.003564964,5.221848749616356,2.211804571205452
NQO2,0.806,0.0302,-0.11929604,0.021400807,2e-06,False,2e-06,0.806,0.11929604,5.698970004336019,2.2080886814453393
CCKBR,-1.5,0.108,-0.02421324,0.800021656,8e-06,True,8e-06,1.5,0.02421324,5.096910013008056,2.207041084336019
MKKS,1.41,0.000572,-0.050419047,2.87e-05,7e-06,False,7e-06,1.41,0.050419047,5.154901959985743,2.205107002328581
IGSF3,0.277,0.784,-0.021155845,0.587865056,5e-07,False,5e-07,0.277,0.021155845,6.301029995663981,2.1997286135546603
NMD3,1.14,0.0571,0.04022239,0.001550684,4e-06,True,4e-06,1.14,0.04022239,5.3979400086720375,2.1927207995573457
RAPGEF6,-0.345,0.356,-0.009821358,0.755806034,6e-07,True,6e-07,0.345,0.009821358,6.221848749616356,2.192223369205452
TCF4,-1.45,0.000355,-0.02311258,1.0,8e-06,True,8e-06,1.45,0.02311258,5.096910013008056,2.1900075310026854
PDCD4,-0.807,0.556,0.055796827,0.000242932,2e-06,False,2e-06,0.807,0.055796827,5.698970004336019,2.1872556104453396
AGBL1,-0.142,0.904,0.010754685,1.0,4e-07,False,4e-07,0.142,0.010754685,6.3979400086720375,2.183564897890679
KCNN2,-0.495,0.401,-0.005654849,1.0,9e-07,True,9e-07,0.495,0.005654849,6.045757490560675,2.182137446520225
MAP2K5,-1.25,0.155,-0.073234128,0.01813894,6e-06,True,6e-06,1.25,0.073234128,5.221848749616356,2.1816942925387854
FEM1B,1.0,0.0467,0.014802807,1.0,3e-06,True,3e-06,1.0,0.014802807,5.522878745280337,2.1792271840934454
SNRK,0.358,0.334,-0.023985653,0.040932426,7e-07,False,7e-07,0.358,0.023985653,6.154901959985743,2.1789625376619144
RPS6KA2,-0.454,0.328,0.076897761,4.25e-15,1e-06,False,1e-06,0.454,0.076897761,6.0,2.176965920333333
PRRC2A,-0.827,0.0189,-0.002889331,1.0,2e-06,True,2e-06,0.827,0.002889331,5.698970004336019,2.176286445112006
SESTD1,0.8,0.0879,-0.027694783,0.007687228,2e-06,False,2e-06,0.8,0.027694783,5.698970004336019,2.175554929112006
DVL2,-1.12,0.0058,-0.007384934,1.0,4e-06,True,4e-06,1.12,0.007384934,5.3979400086720375,2.1751083142240124
TGFBR3,-1.42,0.049,-0.00522282,1.0,8e-06,True,8e-06,1.42,0.00522282,5.096910013008056,2.174044277669352
SDK2,-1.44,0.126,-0.032269321,0.07090254,9e-06,True,9e-06,1.44,0.032269321,5.045757490560675,2.172675603853558
GRIK3,-1.16,0.118,0.043099272,0.001384227,5e-06,False,5e-06,1.16,0.043099272,5.301029995663981,2.168043089221327
SGIP1,1.12,0.0803,-0.074399152,3.39e-12,5e-06,False,5e-06,1.12,0.074399152,5.301029995663981,2.165143049221327
PDE1A,-0.781,0.115,0.004938776,1.0,2e-06,False,2e-06,0.781,0.004938776,5.698970004336019,2.1616362601120063
IQGAP2,-1.35,0.19,0.030160358,0.326271818,8e-06,False,8e-06,1.35,0.030160358,5.096910013008056,2.1590234570026854
COL18A1,-0.359,0.551,-0.017146145,1.0,8e-07,True,8e-07,0.359,0.017146145,6.096910013008056,2.1576853860026852
AGAP1,-0.743,0.323,0.029553866,0.002176173,2e-06,False,2e-06,0.743,0.029553866,5.698970004336019,2.1571746234453393
CABLES1,-0.746,0.514,0.02441617,0.075088137,2e-06,False,2e-06,0.746,0.02441617,5.698970004336019,2.156462058112006
CHRM3,-0.989,0.089,0.082280858,0.010861642,4e-06,False,4e-06,0.989,0.082280858,5.3979400086720375,2.1564069555573457
DLC1,-0.974,0.142,-0.085020738,0.004718438,4e-06,True,4e-06,0.974,0.085020738,5.3979400086720375,2.152320248890679
SBF2,-0.914,0.00787,0.017335847,0.156632217,3e-06,False,3e-06,0.914,0.017335847,5.522878745280337,2.1514048640934456
NDUFAF7,-0.813,0.0329,-0.078504331,3.39e-06,3e-06,True,3e-06,0.813,0.078504331,5.522878745280337,2.1381276920934456
FGGY,1.1,0.178,0.011585971,1.0,5e-06,True,5e-06,1.1,0.011585971,5.301029995663981,2.1375386555546605
RHBDF1,-0.658,0.469,0.048959524,0.037323332,2e-06,False,2e-06,0.658,0.048959524,5.698970004336019,2.135309842778673
CCDC134,-0.325,0.729,-0.057190658,0.017569839,1e-06,True,1e-06,0.325,0.057190658,6.0,2.127396886
HDAC9,0.582,0.492,-0.097956833,0.00708134,2e-06,False,2e-06,0.582,0.097956833,5.698970004336019,2.126308945778673
QKI,-0.959,0.00542,-0.015006271,0.684852488,4e-06,True,4e-06,0.959,0.015006271,5.3979400086720375,2.1239820932240123
PGPEP1,-0.618,0.287,0.040331033,0.132949131,2e-06,False,2e-06,0.618,0.040331033,5.698970004336019,2.119100345778673
STK24,0.903,0.0312,-0.027608272,0.000288538,4e-06,False,4e-06,0.903,0.027608272,5.3979400086720375,2.1095160935573456
SLC4A1AP,0.593,0.146,0.029124553,0.07116774,2e-06,True,2e-06,0.593,0.029124553,5.698970004336019,2.1070315191120064
MPP7,-1.23,0.123,0.037255552,5.34e-05,9e-06,False,9e-06,1.23,0.037255552,5.045757490560675,2.104337680853558
FAM107A,1.16,0.0575,0.055222985,0.348520464,8e-06,True,8e-06,1.16,0.055222985,5.096910013008056,2.104044332669352
PACS2,-1.17,0.0106,0.038177447,0.04654343,8e-06,False,8e-06,1.17,0.038177447,5.096910013008056,2.1016958200026856
PPIL2,0.983,0.129,0.095006224,1.26e-05,6e-06,True,6e-06,0.983,0.095006224,5.221848749616356,2.0999516578721185
MSH2,0.164,0.913,0.030487971,0.0234633,8e-07,True,8e-07,0.164,0.030487971,6.096910013008056,2.0971326613360186
LARP6,0.962,0.0297,-0.026312434,0.018914177,5e-06,False,5e-06,0.962,0.026312434,5.301029995663981,2.09644747655466
PDS5B,-0.518,0.263,0.069155649,2.06e-09,2e-06,False,2e-06,0.518,0.069155649,5.698970004336019,2.0953752177786726
NUMB,-0.933,0.212,-0.039839813,1.57e-05,5e-06,True,5e-06,0.933,0.039839813,5.301029995663981,2.091289936221327
STRADA,-0.251,0.499,0.017253992,0.126680014,1e-06,False,1e-06,0.251,0.017253992,6.0,2.0894179973333333
KSR2,-1.02,0.241,0.025471688,0.012831218,6e-06,False,6e-06,1.02,0.025471688,5.221848749616356,2.0891068125387853
PTPRM,0.841,0.034,0.002948756,1.0,4e-06,True,4e-06,0.841,0.002948756,5.3979400086720375,2.0806295882240122
PCDH9,-0.523,0.13,-0.015234437,0.048983138,2e-06,True,2e-06,0.523,0.015234437,5.698970004336019,2.079068147112006
TIAM2,-1.1,0.0309,0.03821726,0.006491456,8e-06,False,8e-06,1.1,0.03821726,5.096910013008056,2.078375757669352
PTPRO,1.12,0.043,0.017912294,1.0,8e-06,True,8e-06,1.12,0.017912294,5.096910013008056,2.0782741023360187
NBAS,0.903,0.00487,-0.024776219,0.000443911,5e-06,False,5e-06,0.903,0.024776219,5.301029995663981,2.076268738221327
MACROD2,-0.911,0.0285,0.014022391,0.560864698,5e-06,False,5e-06,0.911,0.014022391,5.301029995663981,2.07535079555466
ATP8A2,1.03,0.0181,0.035083542,0.003984023,7e-06,True,7e-06,1.03,0.035083542,5.154901959985743,2.073328500661914
GRM3,-1.05,0.139,-0.115191936,1.82e-18,9e-06,True,9e-06,1.05,0.115191936,5.045757490560675,2.070316475520225
SCFD2,0.476,0.202,-0.031793192,0.002905648,2e-06,False,2e-06,0.476,0.031793192,5.698970004336019,2.0689210654453394
TMOD1,1.18,0.0163,-0.02348867,0.049906488,1e-05,False,1e-05,1.18,0.02348867,5.0,2.0678295566666667
HDAC5,-0.777,0.413,-0.027608092,0.004610398,4e-06,True,4e-06,0.777,0.027608092,5.3979400086720375,2.0675160335573457
XPR1,0.875,0.133,0.022599124,0.399899518,5e-06,True,5e-06,0.875,0.022599124,5.301029995663981,2.0662097065546603
MKLN1,0.883,0.0271,-0.007430659,1.0,5e-06,False,5e-06,0.883,0.007430659,5.301029995663981,2.063820218221327
CTBP2,-0.469,0.25,-0.001953072,1.0,2e-06,True,2e-06,0.469,0.001953072,5.698970004336019,2.0566410254453396
RNF144A,0.789,0.445,-0.075181174,1.0,5e-06,False,5e-06,0.789,0.075181174,5.301029995663981,2.0550703898879936
SRBD1,-0.593,0.349,-0.04427236,0.181950484,3e-06,True,3e-06,0.593,0.04427236,5.522878745280337,2.0533837017601124
CTTNBP2,-0.00523,0.991,-0.05146206,0.000201118,8e-07,True,8e-07,0.00523,0.05146206,6.096910013008056,2.051200691002685
SORBS2,0.843,0.0505,-0.07067999,0.060419847,6e-06,False,6e-06,0.843,0.07067999,5.221848749616356,2.0451762465387855
GORAB,-0.0233,0.969,0.008559922,1.0,8e-07,False,8e-07,0.0233,0.008559922,6.096910013008056,2.0429233116693517
OPCML,0.394,0.5,-0.029592606,0.009756291,2e-06,False,2e-06,0.394,0.029592606,5.698970004336019,2.0408542034453396
PRKAR2A,-0.894,0.0398,-0.006060619,0.621732012,6e-06,True,6e-06,0.894,0.006060619,5.221848749616356,2.040636456205452
NARS2,0.578,0.155,0.012263767,0.622156208,3e-06,True,3e-06,0.578,0.012263767,5.522878745280337,2.037714170760112
ALDH4A1,0.548,0.596,-0.03896426,0.159430926,3e-06,False,3e-06,0.548,0.03896426,5.522878745280337,2.0366143350934456
AKR1C3,0.78,0.272,0.022484223,0.178424134,5e-06,True,5e-06,0.78,0.022484223,5.301029995663981,2.0345047395546603
SPP1,-0.496,0.56,0.20956364,3.01e-06,4e-06,False,4e-06,0.496,0.20956364,5.3979400086720375,2.034501216224012
EPHA5,-0.354,0.609,-0.050139676,0.006421821,2e-06,True,2e-06,0.354,0.050139676,5.698970004336019,2.0343698934453394
SYNGAP1,-0.924,0.015,-0.078225744,3.91e-11,8e-06,True,8e-06,0.924,0.078225744,5.096910013008056,2.0330452523360187
PTN,-0.878,0.119,0.174608888,6.86e-07,9e-06,False,9e-06,0.878,0.174608888,5.045757490560675,2.032788792853558
ANTXR1,-0.683,0.418,0.003019287,0.897288732,4e-06,False,4e-06,0.683,0.003019287,5.3979400086720375,2.027986431890679
CACNA2D3,0.373,0.485,-0.009311488,0.753373447,2e-06,False,2e-06,0.373,0.009311488,5.698970004336019,2.027093830778673
AKAP1,-0.898,0.264,-0.013390102,0.259735016,7e-06,True,7e-06,0.898,0.013390102,5.154901959985743,2.022097353995248
COL23A1,0.729,0.333,-0.113337843,1.0,6e-06,False,6e-06,0.729,0.113337843,5.221848749616356,2.0213955308721188
SHISA6,-0.273,0.773,-0.08610032,0.001500101,2e-06,True,2e-06,0.273,0.08610032,5.698970004336019,2.019356774778673
CDH4,-0.651,0.153,-0.006983157,0.948242996,4e-06,True,4e-06,0.651,0.006983157,5.3979400086720375,2.018641055224012
ENOPH1,0.522,0.336,0.009833096,0.744148469,3e-06,True,3e-06,0.522,0.009833096,5.522878745280337,2.0182372804267787
PRKCH,-0.734,0.479,0.164298427,0.002629723,7e-06,False,7e-06,0.734,0.164298427,5.154901959985743,2.017733462328581
GABRB3,-0.792,0.0416,-0.033461811,0.00013001,6e-06,True,6e-06,0.792,0.033461811,5.221848749616356,2.0157701868721185
UBR5,-0.627,0.0835,0.018788255,0.665596496,4e-06,False,4e-06,0.627,0.018788255,5.3979400086720375,2.014576087890679
C2orf88,-0.918,0.376,0.055448562,0.001900741,9e-06,False,9e-06,0.918,0.055448562,5.045757490560675,2.006402017520225
QDPR,0.414,0.536,0.076438454,0.005819528,3e-06,True,3e-06,0.414,0.076438454,5.522878745280337,2.004439066426779
PUS1,0.541,0.326,-0.052618353,2.57e-05,4e-06,False,4e-06,0.541,0.052618353,5.3979400086720375,1.9971861205573456
FAM124A,-0.789,0.543,0.044876609,0.077756669,7e-06,False,7e-06,0.789,0.044876609,5.154901959985743,1.9962595229952476
RGS17,0.628,0.126,0.059210813,0.000495573,5e-06,True,5e-06,0.628,0.059210813,5.301029995663981,1.9960802695546604
TRIP6,0.215,0.834,0.071323172,0.000403907,2e-06,True,2e-06,0.215,0.071323172,5.698970004336019,1.9950977254453395
EFR3A,-0.44,0.319,0.010111236,0.493990373,3e-06,False,3e-06,0.44,0.010111236,5.522878745280337,1.990996660426779
DEPTOR,-0.663,0.239,0.007578282,1.0,5e-06,False,5e-06,0.663,0.007578282,5.301029995663981,1.9905360925546605
DYNLT1,0.254,0.417,0.018579161,0.986459152,2e-06,True,2e-06,0.254,0.018579161,5.698970004336019,1.9905163884453394
COG5,-0.886,0.0203,-0.031648533,0.002521598,9e-06,True,9e-06,0.886,0.031648533,5.045757490560675,1.987802007853558
BDH1,0.332,0.384,-0.101261229,2.77e-08,3e-06,False,3e-06,0.332,0.101261229,5.522878745280337,1.985379991426779
PUF60,0.426,0.163,-0.002227741,1.0,3e-06,False,3e-06,0.426,0.002227741,5.522878745280337,1.9837021620934456
CNTN4,-0.867,0.318,-0.015064509,0.752947683,9e-06,True,9e-06,0.867,0.015064509,5.045757490560675,1.9759406665202248
CTIF,-0.76,0.163,-0.00977702,1.0,7e-06,True,7e-06,0.76,0.00977702,5.154901959985743,1.9748929933285808
USP13,-0.372,0.711,-0.014036343,0.917782277,3e-06,True,3e-06,0.372,0.014036343,5.522878745280337,1.9696383627601124
VAV2,-0.8,0.525,0.063087684,0.006124465,9e-06,False,9e-06,0.8,0.063087684,5.045757490560675,1.9696150581868914
RCBTB1,-0.582,0.126,0.018997847,1.0,5e-06,False,5e-06,0.582,0.018997847,5.301029995663981,1.967342614221327
UBE2R2,-0.35,0.345,0.024108673,0.059655887,3e-06,False,3e-06,0.35,0.024108673,5.522878745280337,1.9656624727601124
KCNH5,-0.324,0.73,-0.042334056,0.490352695,3e-06,True,3e-06,0.324,0.042334056,5.522878745280337,1.9630709337601124
SH3RF3,0.73,0.0247,-0.04472183,0.039910142,8e-06,False,8e-06,0.73,0.04472183,5.096910013008056,1.9572106143360188
DEK,-0.258,0.708,0.073893005,7.83e-08,3e-06,False,3e-06,0.258,0.073893005,5.522878745280337,1.951590583426779
GGPS1,-0.596,0.139,0.024968912,0.057691437,6e-06,False,6e-06,0.596,0.024968912,5.221848749616356,1.947605887205452
TBC1D13,0.659,0.104,-0.024795234,0.029281171,7e-06,False,7e-06,0.659,0.024795234,5.154901959985743,1.9462323979952476
DNER,0.0837,0.911,0.048136007,0.034791934,2e-06,True,2e-06,0.0837,0.048136007,5.698970004336019,1.9436020037786728
LINGO2,-0.106,0.864,-0.019596292,0.160409393,2e-06,True,2e-06,0.106,0.019596292,5.698970004336019,1.9415220987786728
GRK5,-0.63,0.0763,-0.034615779,0.005571617,7e-06,True,7e-06,0.63,0.034615779,5.154901959985743,1.939839246328581
ADCY9,0.758,0.243,0.012838659,0.37448095,9e-06,True,9e-06,0.758,0.012838659,5.045757490560675,1.9388653831868914
PPM1L,-0.65,0.268,-0.005426318,1.0,7e-06,True,7e-06,0.65,0.005426318,5.154901959985743,1.9367760926619142
PEX6,0.635,0.503,-0.012462329,1.0,7e-06,False,7e-06,0.635,0.012462329,5.154901959985743,1.9341214296619142
EFHD1,-0.676,0.197,0.073225369,0.000332358,9e-06,False,9e-06,0.676,0.073225369,5.045757490560675,1.9316609531868916
KLHL3,-0.563,0.514,-0.068821553,0.000759999,7e-06,True,7e-06,0.563,0.068821553,5.154901959985743,1.9289078376619142
ATP11B,-0.606,0.0499,-0.006923463,0.719808895,7e-06,True,7e-06,0.606,0.006923463,5.154901959985743,1.922608474328581
FKBP8,-0.719,0.333,-0.033630762,0.441733379,1e-05,True,1e-05,0.719,0.033630762,5.0,1.917543587333333
STK11,-0.652,0.181,0.002862607,0.732296212,8e-06,False,8e-06,0.652,0.002862607,5.096910013008056,1.9172575400026854
SPTBN1,0.672,0.0199,-0.022525839,0.001099072,9e-06,False,9e-06,0.672,0.022525839,5.045757490560675,1.9134277765202248
TMEM132D,-0.673,0.288,-0.019862787,0.5762871,9e-06,True,9e-06,0.673,0.019862787,5.045757490560675,1.9128734258535582
FHIT,0.676,0.298,0.015980456,0.43451644,9e-06,True,9e-06,0.676,0.015980456,5.045757490560675,1.9125793155202249
PIP5K1C,-0.476,0.166,-0.07175807,7.61e-14,7e-06,True,7e-06,0.476,0.07175807,5.154901959985743,1.9008866766619144
LGI2,-0.318,0.569,-0.078103582,0.00361892,5e-06,True,5e-06,0.318,0.078103582,5.301029995663981,1.8990445258879936
CDH18,0.368,0.524,-0.02735671,0.040596908,5e-06,False,5e-06,0.368,0.02735671,5.301029995663981,1.8987955685546603
PRICKLE2,0.377,0.512,0.010679505,0.776999191,5e-06,True,5e-06,0.377,0.010679505,5.301029995663981,1.896236500221327
SLCO1C1,-0.563,0.669,-0.022863904,1.0,8e-06,True,8e-06,0.563,0.022863904,5.096910013008056,1.8942579723360187
MID1,-0.498,0.368,-0.017527255,0.527853467,7e-06,True,7e-06,0.498,0.017527255,5.154901959985743,1.8901430716619143
AKAP6,0.549,0.0921,-0.019810592,0.278192027,8e-06,False,8e-06,0.549,0.019810592,5.096910013008056,1.8885735350026853
HSD17B4,0.239,0.602,0.020184035,0.188934352,4e-06,True,4e-06,0.239,0.020184035,5.3979400086720375,1.8857080145573457
SEC24B,0.233,0.603,-0.006397399,0.990888536,4e-06,False,4e-06,0.233,0.006397399,5.3979400086720375,1.8791124692240124
MYO1E,-0.367,0.663,0.042336152,0.171191364,6e-06,False,6e-06,0.367,0.042336152,5.221848749616356,1.8770616338721187
NANP,0.377,0.654,0.030962147,0.372470475,6e-06,True,6e-06,0.377,0.030962147,5.221848749616356,1.876603632205452
TENM4,0.0471,0.928,-0.041370187,2.12e-05,3e-06,False,3e-06,0.0471,0.041370187,5.522878745280337,1.8704496440934457
DIP2C,0.496,0.0816,-0.015882968,0.248477848,8e-06,False,8e-06,0.496,0.015882968,5.096910013008056,1.8695976603360187
KCNQ3,0.377,0.575,-0.00368714,0.844377242,6e-06,False,6e-06,0.377,0.00368714,5.221848749616356,1.867511963205452
CMTM5,-0.0597,0.942,-0.003254454,1.0,3e-06,True,3e-06,0.0597,0.003254454,5.522878745280337,1.8619443997601124
RAB31,0.564,0.257,0.021333426,0.102028995,1e-05,True,1e-05,0.564,0.021333426,5.0,1.8617778086666665
PLOD3,-0.306,0.534,-0.018925969,1.0,6e-06,True,6e-06,0.306,0.018925969,5.221848749616356,1.848924906205452
DGKB,0.41,0.534,-0.035327133,0.090349467,9e-06,False,9e-06,0.41,0.035327133,5.045757490560675,1.8303615411868914
TTYH3,0.315,0.662,-0.022724621,0.222322482,8e-06,False,8e-06,0.315,0.022724621,5.096910013008056,1.8115448780026855
GPC5,0.173,0.88,0.153142677,2.36e-15,8e-06,True,8e-06,0.173,0.153142677,5.096910013008056,1.8076842300026854
MAP3K4,0.308,0.403,-0.000623102,1.0,8e-06,False,8e-06,0.308,0.000623102,5.096910013008056,1.8018443716693522
ZFYVE28,-0.306,0.626,0.001038033,1.0,8e-06,False,8e-06,0.306,0.001038033,5.096910013008056,1.8013160153360188
UNC5D,-0.274,0.708,0.023692894,0.298457602,8e-06,False,8e-06,0.274,0.023692894,5.096910013008056,1.7982009690026854
TMEM184B,-0.069,0.86,0.016126976,0.66473602,5e-06,False,5e-06,0.069,0.016126976,5.301029995663981,1.795385657221327
ZBTB16,-0.258,0.613,0.023994888,0.755137728,8e-06,False,8e-06,0.258,0.023994888,5.096910013008056,1.7929683003360188
COBL,-0.222,0.768,0.041547962,0.004810976,8e-06,False,8e-06,0.222,0.041547962,5.096910013008056,1.7868193250026854
IL1RAP,-0.25,0.856,-0.046488865,0.040191353,9e-06,True,9e-06,0.25,0.046488865,5.045757490560675,1.7807487851868915
XKR4,-0.0487,0.934,-0.01309354,1.0,6e-06,True,6e-06,0.0487,0.01309354,5.221848749616356,1.7612140965387855
RNF214,0.117,0.901,-0.010863117,0.147598865,7e-06,False,7e-06,0.117,0.010863117,5.154901959985743,1.7609216923285809
BSG,0.168,0.777,-0.043464595,0.001118627,9e-06,False,9e-06,0.168,0.043464595,5.045757490560675,1.7524073618535583
KIF13B,-0.0484,0.936,0.092138795,1.32e-14,8e-06,False,8e-06,0.0484,0.092138795,5.096910013008056,1.7458162693360189
ATG2A,-0.134,0.833,-0.012879732,0.512892685,9e-06,True,9e-06,0.134,0.012879732,5.045757490560675,1.7308790741868916
